name,Image URL
Dermatheory Daily Brightening Cream 18 g,https://d2qjkwm11akmwu.cloudfront.net/products/651302_8-8-2022_14-8-52-1665858540.webp
Oste Forte 6 Kaplet,https://d2qjkwm11akmwu.cloudfront.net/products/8895-1665778692.webp
Tropidryl Plus Sirup 60 ml,https://d2qjkwm11akmwu.cloudfront.net/products/655337_6-9-2023_13-17-4.webp
Forsendi 60 Kapsul,https://d2qjkwm11akmwu.cloudfront.net/products/659060_15-10-2020_10-30-28-1665823297.webp
Levotusin Sirup 120 ml,https://d2qjkwm11akmwu.cloudfront.net/products/707245_5-2-2023_23-40-52.webp
Borobudur Wasir 100 Pil,https://d2qjkwm11akmwu.cloudfront.net/products/301215_2-10-2019_16-3-42-1665805722.webp
Mom Uung Asi Booster 30 Kapsul,https://d2qjkwm11akmwu.cloudfront.net/products/719920_22-2-2023_11-26-48.webp
Levopront Sirup 120 ml,https://d2qjkwm11akmwu.cloudfront.net/products/710261_31-3-2019_15-38-12-1665789183.webp
Cendo Vasacon-A Minidose 0.6 ml,https://d2qjkwm11akmwu.cloudfront.net/products/18255-1665791277.webp
Desloratadine 5 mg 10 Tablet,https://d2qjkwm11akmwu.cloudfront.net/products/884230_25-2-2019_11-58-28-1665799994.webp
Happy Bedak Salicyl Menthol 60 g,https://d2qjkwm11akmwu.cloudfront.net/products/406771_14-12-2022_13-51-39.webp
Lorihis 10 mg 10 Tablet,https://d2qjkwm11akmwu.cloudfront.net/products/258033_1-3-2019_10-30-11-1665789554.webp
Prove D3 Drops 12.5 ml,https://d2qjkwm11akmwu.cloudfront.net/products/127357_7-2-2022_9-16-36-1665821743.webp
Supravit 60 Kapsul,https://d2qjkwm11akmwu.cloudfront.net/products/11827-1665782556.webp
RZ-20 Sirup 60 ml,https://d2qjkwm11akmwu.cloudfront.net/products/469867_8-9-2021_14-16-49-1665840869.webp
Kondom Sagami Xtreme Superthin Isi 10,https://d2qjkwm11akmwu.cloudfront.net/products/490822_21-12-2019_8-46-0-1665780904.webp
Vitamin B Complex IPI 45 Tablet,https://d2qjkwm11akmwu.cloudfront.net/products/748939_20-6-2024_13-14-40.webp
Purekids Inhalant Decongestant Oil Lemon 10 ml,https://d2qjkwm11akmwu.cloudfront.net/products/851658_17-12-2019_12-14-19-1665806666.webp
Pan Enteral Sachet 40 g,https://d2qjkwm11akmwu.cloudfront.net/products/802934_30-5-2022_14-15-59-1665785191.webp
Pyrantel 125 mg 4 Kapsul,https://d2qjkwm11akmwu.cloudfront.net/products/9819-1665780247.webp
Proten Gold Rasa Coklat Granul 52 g,https://d2qjkwm11akmwu.cloudfront.net/products/375727_8-8-2022_15-0-39-1665857142.webp
Ferlin Sirup 100 ml,https://d2qjkwm11akmwu.cloudfront.net/products/1390-1665760626.webp
Lexadium 2 mg 6 Tablet,https://d2qjkwm11akmwu.cloudfront.net/products/6268-1665774595.webp
Imunos Plus Sirup 60 ml,https://d2qjkwm11akmwu.cloudfront.net/products/288392_5-4-2022_13-45-13-1665781732.webp
Provula 50 mg 10 Tablet,https://d2qjkwm11akmwu.cloudfront.net/products/4974-1665771579.webp
Vicks Formula Jahe Madu 56 ml,https://d2qjkwm11akmwu.cloudfront.net/products/319681_21-1-2022_10-48-51-1665844229.webp
Vicks Formula Jahe Madu 105 ml,https://d2qjkwm11akmwu.cloudfront.net/products/439298_7-8-2022_23-47-22-1665858130.webp
Vaporin Inhalasi Liquid 10 Kapsul,https://d2qjkwm11akmwu.cloudfront.net/products/9713-1665780170.webp
Nature's Plus Vitamin D3 1000 IU 180 Kapsul,https://d2qjkwm11akmwu.cloudfront.net/products/724456_11-12-2023_10-39-36.webp
Tissue Lovers for Man 6 Sachet,https://d2qjkwm11akmwu.cloudfront.net/products/546892_12-1-2022_11-20-55-1665780906.webp
PhysioGel Cream 75 ml,https://d2qjkwm11akmwu.cloudfront.net/products/70740_1-9-2022_11-9-55-1665773234.webp
Hylo Comod Lubricating Eye Drops 10 ml,https://d2qjkwm11akmwu.cloudfront.net/products/319965_8-8-2022_16-23-47-1665857785.webp
Lactamam 10 Tablet,https://d2qjkwm11akmwu.cloudfront.net/products/403536_5-8-2024_11-31-3.webp
Otozambon Ear Drops,https://d2qjkwm11akmwu.cloudfront.net/products/719838_21-8-2024_13-35-6.webp
OB Herbal Permen Pelega Tenggorokan Ziplong 50 Pieces,https://d2qjkwm11akmwu.cloudfront.net/products/647512_13-1-2023_13-57-0.webp
Nerilon 0.1% Cream 10 g,https://d2qjkwm11akmwu.cloudfront.net/products/3444-1665769280.webp
Nexcare Acne Cover Fun Pack,https://d2qjkwm11akmwu.cloudfront.net/products/404237_20-2-2023_15-7-50.webp
Kondom Durex Invisible Extra Thin Isi 2,https://d2qjkwm11akmwu.cloudfront.net/products/321404_4-8-2022_17-4-22-1665787602.webp
Vicee 500 Rasa Anggur 2 Tablet,https://d2qjkwm11akmwu.cloudfront.net/products/9003-1665778830.webp
Cendo Tobro Eye Drop 5 ml,https://d2qjkwm11akmwu.cloudfront.net/products/15676-1665788319.webp
Safe Care Anise Mint Gummy 25 g,https://d2qjkwm11akmwu.cloudfront.net/products/343190_3-1-2023_16-32-4.webp
Seter Ce 30 Tablet,https://d2qjkwm11akmwu.cloudfront.net/products/792792_16-4-2021_13-52-49-1665816787.webp
Kapsida Kembang Bulan 12 Kapsul,https://d2qjkwm11akmwu.cloudfront.net/products/10202-1665780537.webp
Calnic Sirup 100 ml,https://d2qjkwm11akmwu.cloudfront.net/products/1261-1665760519.webp
Calcium Lactate 500 mg 80 Tablet,https://d2qjkwm11akmwu.cloudfront.net/products/474326_8-8-2022_10-33-49-1665857143.webp
Bioacne Cream 10 g,https://d2qjkwm11akmwu.cloudfront.net/products/1482-1665760709.webp
Plusfortil 60 Kapsul,https://d2qjkwm11akmwu.cloudfront.net/products/780157_1-8-2024_11-45-26.webp
Herbakof 6 Tablet,https://d2qjkwm11akmwu.cloudfront.net/products/223739_6-11-2020_13-43-12-1665824003.webp
Plusfortil 20 Kapsul,https://d2qjkwm11akmwu.cloudfront.net/products/607078_27-9-2024_15-54-2.webp
Curmunos Sirup 60 ml,https://d2qjkwm11akmwu.cloudfront.net/products/256155_4-4-2022_13-32-34-1665781237.webp
Borobudur Em 60 Kapsul,https://d2qjkwm11akmwu.cloudfront.net/products/644580_17-11-2019_22-3-35-1665801982.webp
Herbakof 4 Tablet,https://d2qjkwm11akmwu.cloudfront.net/products/570067_23-8-2019_17-59-55-1665803930.webp
OBH Nellco Batuk Berdahak Menthol Sirup 55 ml,https://d2qjkwm11akmwu.cloudfront.net/products/185011_5-12-2021_23-17-17-1665842122.webp
Antangin OB Herbal Sachet,https://d2qjkwm11akmwu.cloudfront.net/products/432267_15-10-2024_9-55-27.webp
Bio Oil Skincare Oil Natural 25 ml,https://d2qjkwm11akmwu.cloudfront.net/products/260643_24-1-2023_17-51-58.webp
Herbakof Sirup 60 ml,https://d2qjkwm11akmwu.cloudfront.net/products/9992-1665780370.webp
Herbakof Stick Pack 15 ml,https://d2qjkwm11akmwu.cloudfront.net/products/166500_4-2-2019_10-45-4-1665794665.webp
Kingto Luo Han Guo Peipa Hanpian 12 Tablet,https://d2qjkwm11akmwu.cloudfront.net/products/639444_25-9-2020_13-15-42-1665815769.webp
Lanakalk 500 mg 10 Tablet,https://d2qjkwm11akmwu.cloudfront.net/products/335240_21-1-2020_13-4-44-1665789150.webp
Bio Oil Skincare Oil Natural 60 ml,https://d2qjkwm11akmwu.cloudfront.net/products/699141_21-11-2022_14-29-23.webp
Cendo Tobroson Salep Mata 3.5 g,https://d2qjkwm11akmwu.cloudfront.net/products/15680-1665788322.webp
Alco Drops 15 ml,https://d2qjkwm11akmwu.cloudfront.net/products/92921_18-2-2019_10-54-8-1665760935.webp
Egoji Chewy Gummy Rasa Leci 25 g Isi 10,https://d2qjkwm11akmwu.cloudfront.net/products/828_18-1-2023_10-54-1.webp
Nutrimax C Max 1000 30 Tablet,https://d2qjkwm11akmwu.cloudfront.net/products/267859_15-6-2022_17-9-28-1665822689.webp
Tonicard 10 Kapsul,https://d2qjkwm11akmwu.cloudfront.net/products/202694_26-9-2022_9-45-11-1665771162.webp
Konicare Minyak Telon 125 ml,https://d2qjkwm11akmwu.cloudfront.net/products/9753-1665780196.webp
Sprinkle Rasa Beef 5 Sachet,https://d2qjkwm11akmwu.cloudfront.net/products/19387_25-9-2020_15-23-19-1665822824.webp
Sprinkle Rasa Plain 5 Sachet,https://d2qjkwm11akmwu.cloudfront.net/products/422013_25-9-2020_15-23-53-1665822824.webp
OB Herbal 100 ml,https://d2qjkwm11akmwu.cloudfront.net/products/17811-1665790782.webp
Herbakof Sirup 100 ml,https://d2qjkwm11akmwu.cloudfront.net/products/13094-1665784761.webp
Ulcron 10 Tablet,https://d2qjkwm11akmwu.cloudfront.net/products/178422_20-7-2020_15-58-24-1665794252.webp
Ketosteril 10 Kaplet Salut Selaput,https://d2qjkwm11akmwu.cloudfront.net/products/368437_20-6-2019_9-41-3-1665884523.webp
Starmuno Kids Sirup 60 ml,https://d2qjkwm11akmwu.cloudfront.net/products/795288_6-4-2022_11-5-23-1665771675.webp
Konicare Minyak Telon 30 ml,https://d2qjkwm11akmwu.cloudfront.net/products/222010_26-4-2023_13-52-38.webp
Shine Biospirulina 200 Tablet,https://d2qjkwm11akmwu.cloudfront.net/products/727873_26-6-2022_22-45-56-1665856255.webp
Vitan 250 mg 20 Tablet,https://d2qjkwm11akmwu.cloudfront.net/products/18640-1665791608.webp
Nifudiar Sirup 60 ml,https://d2qjkwm11akmwu.cloudfront.net/products/305_22-1-2019_19-9-34-1.webp
Supertin 5 Kapsul,https://d2qjkwm11akmwu.cloudfront.net/products/9334-1665779652.webp
Thiamfilex Dry Sirup 60 ml,https://d2qjkwm11akmwu.cloudfront.net/products/200404_27-7-2020_17-28-30-1665782635.webp
Clinelle Age Revive Lifting Cleanser 100 ml,https://d2qjkwm11akmwu.cloudfront.net/products/479517_30-9-2022_11-16-36-1665847870.webp
Vicks Inhaler,https://d2qjkwm11akmwu.cloudfront.net/products/375695_10-12-2021_16-13-9-1665779634.webp
Konilife D 1000 10 Tablet,https://d2qjkwm11akmwu.cloudfront.net/products/278020_28-12-2022_14-1-17.webp
Cazetin Drops 15 ml,https://d2qjkwm11akmwu.cloudfront.net/products/93393_16-6-2019_23-20-51-1665781191.webp
Ericaf 10 Tablet,https://d2qjkwm11akmwu.cloudfront.net/products/874539_31-8-2022_11-46-15-1665774238.webp
Fitbon Plus 6 Kaplet,https://d2qjkwm11akmwu.cloudfront.net/products/8967-1665778805.webp
Halowell D3 1000 IU 10 Tablet,https://d2qjkwm11akmwu.cloudfront.net/products/786872_21-3-2024_8-46-0.webp
Komix Rasa Jeruk Nipis Sachet 7 ml,https://d2qjkwm11akmwu.cloudfront.net/products/9797-1665780230.webp
Nutralix 10 Kaplet,https://d2qjkwm11akmwu.cloudfront.net/products/526093_15-4-2019_14-34-26-1665790778.webp
Softex Maternity 10 Pads,https://d2qjkwm11akmwu.cloudfront.net/products/13841-1665785844.webp
Vertizine Tablet 25 mg,https://d2qjkwm11akmwu.cloudfront.net/products/680607_8-5-2019_13-22-4-1665774861.webp
Lapisiv-T 10 Tablet,https://d2qjkwm11akmwu.cloudfront.net/products/8931-1665778779.webp
Interxanthin 4 mg 10 Kapsul,https://d2qjkwm11akmwu.cloudfront.net/products/18222-1665791255.webp
Filmore Boyfriend Intimate Wet Wipes 30 Lembar,https://d2qjkwm11akmwu.cloudfront.net/products/300466_14-6-2022_10-25-19-1665856517.webp
Buds Organics Toothpaste With Xylitol Strawberry 1-3 Tahun 50 ml,https://d2qjkwm11akmwu.cloudfront.net/products/22939_10-7-2022_23-39-28-1665857284.webp
Balsem Tolak Angin 20 g,https://d2qjkwm11akmwu.cloudfront.net/products/359868_25-5-2021_15-32-49-1665837562.webp
No Cough Obat Batuk Herbal 120 ml,https://d2qjkwm11akmwu.cloudfront.net/products/481134_28-7-2020_10-47-33-1665821304.webp
Ichtyol Ointment 15 g,https://d2qjkwm11akmwu.cloudfront.net/products/653368_19-5-2020_14-49-5-1665781717.webp
Prove E 400 IU 60 Kapsul,https://d2qjkwm11akmwu.cloudfront.net/products/227957_13-4-2021_10-28-42-1665831867.webp
Surbex-Z 6 Tablet,https://d2qjkwm11akmwu.cloudfront.net/products/394123_1-9-2023_15-20-34.webp
Santa-E 400 IU 4 Kaplet,https://d2qjkwm11akmwu.cloudfront.net/products/282007_15-8-2020_10-22-54-1665778374.webp
Buds Organics Toothpaste With Xylitol Green Apple 1-3 Tahun 50 ml,https://d2qjkwm11akmwu.cloudfront.net/products/568941_10-7-2022_23-42-23-1665857287.webp
Buds Organics Toothpaste With Xylitol Blackcurrant 1-3 Tahun 50 ml,https://d2qjkwm11akmwu.cloudfront.net/products/682769_10-7-2022_23-40-57-1665857285.webp
Multiviral 10 Tablet,https://d2qjkwm11akmwu.cloudfront.net/products/282481_5-2-2021_17-56-16-1665828790.webp
Biocream Cream 20 g,https://d2qjkwm11akmwu.cloudfront.net/products/10644-1665781166.webp
Q-Life Menstrual Care Patch,https://d2qjkwm11akmwu.cloudfront.net/products/698645_23-7-2021_10-10-12-1665839127.webp
Ensure Vanilla 400 gr,https://d2qjkwm11akmwu.cloudfront.net/products/683417_16-11-2023_17-19-14.webp
Hi-D 2000 Vitamin D3 6 Tablet Kunyah,https://d2qjkwm11akmwu.cloudfront.net/products/655523_11-11-2022_14-36-0.webp
Welmove 5 Kaplet,https://d2qjkwm11akmwu.cloudfront.net/products/870186_14-3-2021_21-36-52-1665780807.webp
Moxic Forte 15 mg Tablet,https://d2qjkwm11akmwu.cloudfront.net/products/386779_16-4-2019_15-15-0-1665777719.webp
Selsun Yellow Double Impact Shampo 100 ml,https://d2qjkwm11akmwu.cloudfront.net/products/4294-1665770898.webp
Clinelle WhitenUp Whitening Facial Mask,https://d2qjkwm11akmwu.cloudfront.net/products/796239_3-10-2022_13-47-48-1665847916.webp
Mega We Care Glow Collagen 30 Sachet,https://d2qjkwm11akmwu.cloudfront.net/products/14602-1665787054.webp
Himalaya Shatavari 60 Kapsul,https://d2qjkwm11akmwu.cloudfront.net/products/142516_12-6-2020_15-44-47-1665819409.webp
Tresnojoyo Balsem Telon 20 g,https://d2qjkwm11akmwu.cloudfront.net/products/541455_6-3-2020_14-11-14-1665765303.webp
Sanaflu 4 Kaplet,https://d2qjkwm11akmwu.cloudfront.net/products/8891-1665778688.webp
Vitamin B Complex 10 Tablet,https://d2qjkwm11akmwu.cloudfront.net/products/557689_25-3-2024_16-0-5.webp
Farsycol Cream 10 g,https://d2qjkwm11akmwu.cloudfront.net/products/623507_24-3-2019_22-52-31-1665781452.webp
Borobudur Sendi Cream Cabe 60 g,https://d2qjkwm11akmwu.cloudfront.net/products/858169_9-4-2020_10-16-29-1665805720.webp
Synbio 10 Kapsul,https://d2qjkwm11akmwu.cloudfront.net/products/455005_21-7-2023_13-52-3.webp
Minyak Tawon 912 50 ml,https://d2qjkwm11akmwu.cloudfront.net/products/215007_21-2-2019_16-55-7-1665802097.webp
Vitacimin 500 mg Rasa Lemon 2 Tablet,https://d2qjkwm11akmwu.cloudfront.net/products/475149_25-8-2021_16-48-41-1665884814.webp
Hufabethamin Sirup 60 ml,https://d2qjkwm11akmwu.cloudfront.net/products/21943_28-1-2019_12-20-23-1665794739.webp
Hot In Cream Strong Botol 120 ml,https://d2qjkwm11akmwu.cloudfront.net/products/67749_25-8-2021_16-59-33-1665787144.webp
Hi-D 4000 Vitamin D3 6 Tablet Kunyah,https://d2qjkwm11akmwu.cloudfront.net/products/577620_11-11-2022_14-40-0.webp
Koolfever for Child 1 Sachet,https://d2qjkwm11akmwu.cloudfront.net/products/16236-1665788879.webp
Imunos 4 Kaplet,https://d2qjkwm11akmwu.cloudfront.net/products/549805_5-4-2022_13-41-54-1665760641.webp
Molaneuron 10 Tablet,https://d2qjkwm11akmwu.cloudfront.net/products/549929_4-3-2022_22-38-28-1665803092.webp
Strepsil Original 12 Tablet,https://d2qjkwm11akmwu.cloudfront.net/products/3225-1665767878.webp
Inzana 80 mg 4 Tablet Kunyah,https://d2qjkwm11akmwu.cloudfront.net/products/9580-1665780076.webp
Vitacimin 500 mg Rasa Lemon 20 Tablet,https://d2qjkwm11akmwu.cloudfront.net/products/172588_27-7-2020_13-32-25-1665776088.webp
Ambeven 10 Kapsul,https://d2qjkwm11akmwu.cloudfront.net/products/575304_25-8-2021_16-46-54-1665776677.webp
Ultraflu 4 Tablet,https://d2qjkwm11akmwu.cloudfront.net/products/9491-1665779893.webp
Simfed Expectorant Sirup 60 ml,https://d2qjkwm11akmwu.cloudfront.net/products/606182_23-2-2023_15-6-57.webp
Velutine Plus Inhalasi 2.5 ml,https://d2qjkwm11akmwu.cloudfront.net/products/715598_10-11-2023_9-9-8.webp
Quantidex 10 Kaplet,https://d2qjkwm11akmwu.cloudfront.net/products/18884_3-2-2020_15-34-10-1665782341.webp
Baby Safe Breast Pump Single Electric BPE01,https://d2qjkwm11akmwu.cloudfront.net/products/77801_30-6-2021_17-18-0-1665838364.webp
St Ives Soothing Daily Facial Cleanser Chamomile 200 ml,https://d2qjkwm11akmwu.cloudfront.net/products/254389_12-7-2022_14-40-8-1665849844.webp
Proferro 10 Tablet Kunyah,https://d2qjkwm11akmwu.cloudfront.net/products/465145_15-8-2022_14-12-35-1665804306.webp
Bentrio Nasal Spray 20 ml,https://d2qjkwm11akmwu.cloudfront.net/products/785405_23-2-2023_16-55-41.webp
Nonemi 10 Tablet,https://d2qjkwm11akmwu.cloudfront.net/products/3427-1665769267.webp
Elkana 10 Tablet,https://d2qjkwm11akmwu.cloudfront.net/products/8792-1665778614.webp
Prenamia 4 Kapsul,https://d2qjkwm11akmwu.cloudfront.net/products/3359-1665769099.webp
Fleet Enema 133 ml,https://d2qjkwm11akmwu.cloudfront.net/products/833292_16-3-2020_10-12-23-1665779902.webp
Noroid Derma Rash Cream 60 ml,https://d2qjkwm11akmwu.cloudfront.net/products/629725_23-12-2021_9-39-40-1665771583.webp
Durex K-Y Jelly Personal Lubricant 50 g,https://d2qjkwm11akmwu.cloudfront.net/products/841111_22-6-2022_11-6-46-1665781756.webp
Sanjin Watermelon Frost Lozenges 12 Tablet,https://d2qjkwm11akmwu.cloudfront.net/products/771637_4-5-2022_11-0-42-1665804239.webp
Strepsil Cool Lemon 8 Tablet,https://d2qjkwm11akmwu.cloudfront.net/products/3220-1665767874.webp
Momami Citrapella Wipes 20 Lembar,https://d2qjkwm11akmwu.cloudfront.net/products/216330_10-3-2022_10-42-42-1665830155.webp
Vicee 500 Rasa Jeruk 2 Tablet,https://d2qjkwm11akmwu.cloudfront.net/products/9004-1665778831.webp
Cendo Tobroson Eye Drops 5 ml,https://d2qjkwm11akmwu.cloudfront.net/products/8058-1665777520.webp
Durex K-Y Jelly Personal Lubricant 100 g,https://d2qjkwm11akmwu.cloudfront.net/products/730324_4-8-2022_16-11-27-1665781755.webp
Diquas 5 ml,https://d2qjkwm11akmwu.cloudfront.net/products/692706_26-10-2020_13-41-20-1665823680.webp
Sea-Quill Vitamin C 1000 With Rose Hips 50 Tablet,https://d2qjkwm11akmwu.cloudfront.net/products/825088_19-5-2020_17-23-45-1665770933.webp
Freshcare Roll On Minyak Angin Splash Fruity 10 ml,https://d2qjkwm11akmwu.cloudfront.net/products/416927_25-8-2021_16-52-41-1665780347.webp
Megazing 10 Kaplet,https://d2qjkwm11akmwu.cloudfront.net/products/8861-1665778663.webp
Mometasone Cream 10 g,https://d2qjkwm11akmwu.cloudfront.net/products/643081_6-11-2020_10-47-59-1665791940.webp
Sanjin Watermelon Frost Insufflation 3 G,https://d2qjkwm11akmwu.cloudfront.net/products/11935-1665782987.webp
Xonce 500 mg 2 Tablet,https://d2qjkwm11akmwu.cloudfront.net/products/8994-1665778824.webp
Nellco Bedak Salicyl Menthol Genesis 60 g,https://d2qjkwm11akmwu.cloudfront.net/products/373709_4-1-2023_11-19-34.webp
Cap Gajah Salicyl SP 50 ml,https://d2qjkwm11akmwu.cloudfront.net/products/332727_26-6-2022_23-50-31-1665856843.webp
Venaron 300 mg 10 Kapsul,https://d2qjkwm11akmwu.cloudfront.net/products/852323_18-2-2019_11-33-53-1665778259.webp
Optimum Creatine Powder 300 g,https://d2qjkwm11akmwu.cloudfront.net/products/151958_6-4-2022_10-44-21-1665788126.webp
Pedilax 17 g 1 Sachet,https://d2qjkwm11akmwu.cloudfront.net/products/568722_25-7-2022_14-45-51-1665856018.webp
Dulcolax Adult 10 mg 5 Suppositoria,https://d2qjkwm11akmwu.cloudfront.net/products/891909_1-8-2023_14-45-9.webp
Cygest Suppositoria 200 mg,https://d2qjkwm11akmwu.cloudfront.net/products/12830-1665784178.webp
Dextamine 10 Tablet,https://d2qjkwm11akmwu.cloudfront.net/products/245656_21-6-2023_16-57-38.webp
Diagit 4 Tablet,https://d2qjkwm11akmwu.cloudfront.net/products/8652-1665778242.webp
Alegi 10 Tablet,https://d2qjkwm11akmwu.cloudfront.net/products/14104-1665786420.webp
Herocyn Bedak Kulit 85 g,https://d2qjkwm11akmwu.cloudfront.net/products/9542-1665780048.webp
Herocyn Bedak Kulit 150 g,https://d2qjkwm11akmwu.cloudfront.net/products/9543-1665780049.webp
Herocyn Bedak Kulit 50 g,https://d2qjkwm11akmwu.cloudfront.net/products/176112_22-6-2020_13-40-11-1665821100.webp
Fitbon 6 Kaplet,https://d2qjkwm11akmwu.cloudfront.net/products/8966-1665778804.webp
Nellco Bedak Salicyl Menthol 60 g,https://d2qjkwm11akmwu.cloudfront.net/products/653101_21-2-2019_18-9-45-1665802116.webp
Benoson 0.1% Cream 5 g,https://d2qjkwm11akmwu.cloudfront.net/products/3991-1665770630.webp
TB Vit 6 10 Tablet,https://d2qjkwm11akmwu.cloudfront.net/products/4071-1665770685.webp
Dermovel 0.1% Cream 5 g,https://d2qjkwm11akmwu.cloudfront.net/products/1534-1665760750.webp
Ever E 250 IU 6 Kapsul,https://d2qjkwm11akmwu.cloudfront.net/products/24935_1-12-2019_20-29-32-1665798868.webp
Heplav 100 mg 30 Tablet,https://d2qjkwm11akmwu.cloudfront.net/products/18469-1665791490.webp
Seloxy Premium 6 Kaplet,https://d2qjkwm11akmwu.cloudfront.net/products/674183_16-10-2020_14-44-12-1665823300.webp
Becefort 10 Tablet,https://d2qjkwm11akmwu.cloudfront.net/products/168631_10-6-2020_17-45-11-1665779011.webp
Salonpas Koyo 20 Patch,https://d2qjkwm11akmwu.cloudfront.net/products/625708_6-8-2024_11-25-47.webp
Salonpas Koyo Large 2X2 Lembar,https://d2qjkwm11akmwu.cloudfront.net/products/236396_6-8-2024_13-21-30.webp
Q-Ten 100 mg 30 Kapsul,https://d2qjkwm11akmwu.cloudfront.net/products/1950-1665761176.webp
Lioresal 10 mg 10 Tablet,https://d2qjkwm11akmwu.cloudfront.net/products/767708_22-5-2023_10-35-38.webp
Hot In Cream Botol 120 ml,https://d2qjkwm11akmwu.cloudfront.net/products/14719_28-1-2019_10-39-1-1665787131.webp
Hot In Cream Pump 120 ml,https://d2qjkwm11akmwu.cloudfront.net/products/37929_5-5-2021_9-37-10-1665787143.webp
Laserin Sirup 110 ml,https://d2qjkwm11akmwu.cloudfront.net/products/662126_24-8-2020_14-48-5-1665780046.webp
Moxic 7.5 mg Tablet,https://d2qjkwm11akmwu.cloudfront.net/products/895898_16-4-2019_16-9-2-1665781977.webp
Nature's Plus Ultra Virile Actin 60 Tablet,https://d2qjkwm11akmwu.cloudfront.net/products/588189_12-3-2020_10-57-52-1665787904.webp
Dermasolon 0.025% Cream 5 g,https://d2qjkwm11akmwu.cloudfront.net/products/1514-1665760734.webp
CalMas 250 Suspensi 120 ml,https://d2qjkwm11akmwu.cloudfront.net/products/94019_19-7-2022_14-15-26-1665856435.webp
Ossovit 6 Kaplet,https://d2qjkwm11akmwu.cloudfront.net/products/253407_20-6-2019_9-56-7-1665778793.webp
Nestacort 2.5% Cream 5 gr,https://d2qjkwm11akmwu.cloudfront.net/products/18892-1665791779.webp
Vicee 500 Rasa Lemon 2 Tablet,https://d2qjkwm11akmwu.cloudfront.net/products/9005-1665778832.webp
Colidan 100 mg 10 Kapsul,https://d2qjkwm11akmwu.cloudfront.net/products/189308_21-7-2023_14-27-13.webp
Hufagrip BP Anak Sirup 60 ml,https://d2qjkwm11akmwu.cloudfront.net/products/9554-1665780056.webp
Erymed 2% Gel 15 g,https://d2qjkwm11akmwu.cloudfront.net/products/1539-1665760754.webp
Laderma Cream 8 ml,https://d2qjkwm11akmwu.cloudfront.net/products/17518-1665790584.webp
Pagoda Salep 10 gr,https://d2qjkwm11akmwu.cloudfront.net/products/13361-1665785171.webp
Sulfadiazine Silver Cream 35 g,https://d2qjkwm11akmwu.cloudfront.net/products/113729_29-5-2020_14-43-16-1665799688.webp
Fortiboost Vitamin D3 1000 IU 30 Tablet Kunyah,https://d2qjkwm11akmwu.cloudfront.net/products/394040_23-11-2022_13-40-52.webp
Vitamin C IPI 50 mg 45 Tablet Kunyah,https://d2qjkwm11akmwu.cloudfront.net/products/881161_20-6-2024_13-29-58.webp
Dermatheory Acne Dual Action Serum 20 ml,https://d2qjkwm11akmwu.cloudfront.net/products/702549_8-8-2022_13-28-27-1665858538.webp
Coten 30 mg 10 Kapsul,https://d2qjkwm11akmwu.cloudfront.net/products/637896_8-5-2023_9-47-10.webp
Curvit Sirup 60 ml,https://d2qjkwm11akmwu.cloudfront.net/products/143884_27-2-2024_11-14-56.webp
Lanturol 200 IU 10 Kapsul,https://d2qjkwm11akmwu.cloudfront.net/products/277272_1-11-2022_13-50-58.webp
Asta Plus 6 Kaplet,https://d2qjkwm11akmwu.cloudfront.net/products/627048_31-3-2019_15-30-14-1665786714.webp
Forti-D 2000 Vitamin D3 4 Kapsul Lunak,https://d2qjkwm11akmwu.cloudfront.net/products/339976_28-7-2023_10-2-59.webp
Oilum Body Wash Brightening Scrub Refill 175ml,https://d2qjkwm11akmwu.cloudfront.net/products/278068_21-4-2020_15-41-33-1665792848.webp
Claire's Breast Shell Set,https://d2qjkwm11akmwu.cloudfront.net/products/174880_24-11-2021_16-56-1-1665842690.webp
Comtusi Sirup 60 ml,https://d2qjkwm11akmwu.cloudfront.net/products/7226-1665776312.webp
Curvit Sirup 120 ml,https://d2qjkwm11akmwu.cloudfront.net/products/445475_25-3-2024_14-32-0.webp
Caviplex 10 Kaplet,https://d2qjkwm11akmwu.cloudfront.net/products/452862_23-12-2021_8-58-35-1665776361.webp
Ancla 500 mg 6 Kaplet,https://d2qjkwm11akmwu.cloudfront.net/products/12654_23-1-2019_11-20-39-1665783882.webp
Capsinat Dry Sirup 60 ml,https://d2qjkwm11akmwu.cloudfront.net/products/536318_11-1-2023_13-41-51.webp
Capsinat FC 6 Kaplet,https://d2qjkwm11akmwu.cloudfront.net/products/3875_22-1-2019_19-30-57-1665770548.webp
Capsinat Forte Dry Sirup 60 ml,https://d2qjkwm11akmwu.cloudfront.net/products/536067_11-7-2023_11-51-21.webp
Clabat 500 mg 4 Tablet,https://d2qjkwm11akmwu.cloudfront.net/products/472563_17-5-2023_9-38-39.webp
Clabat Forte Dry Sirup 60 ml,https://d2qjkwm11akmwu.cloudfront.net/products/3549-1665769352.webp
Corsatrocin Dry Sirup 60 ml,https://d2qjkwm11akmwu.cloudfront.net/products/others-1665831239.webp
Coyarin 6 Kaplet,https://d2qjkwm11akmwu.cloudfront.net/products/699985_6-9-2023_10-38-2.webp
Danoclav Kaplet,https://d2qjkwm11akmwu.cloudfront.net/products/3878_22-1-2019_19-32-22-1665770550.webp
Dexyclav Dry Sirup 60 ml,https://d2qjkwm11akmwu.cloudfront.net/products/3881-1665770553.webp
Dexyclav Forte 6 Kaplet,https://d2qjkwm11akmwu.cloudfront.net/products/3880-1665770552.webp
Duazat 4 Kaplet,https://d2qjkwm11akmwu.cloudfront.net/products/others-1665798727.webp
Vibranat 6 Kaplet,https://d2qjkwm11akmwu.cloudfront.net/products/309791_18-3-2020_16-48-29-1665782919.webp
Duspatalin 135 mg 10 Tablet,https://d2qjkwm11akmwu.cloudfront.net/products/584037_3-2-2023_10-32-25.webp
Rivilite 30 Kapsul,https://d2qjkwm11akmwu.cloudfront.net/products/132372_27-2-2019_14-12-36-1665787505.webp
Bodrex Extra 4 Kaplet,https://d2qjkwm11akmwu.cloudfront.net/products/275236_9-3-2023_14-12-45.webp
Fungasol Ss 2% Shampoo 80 ml,https://d2qjkwm11akmwu.cloudfront.net/products/12980-1665784451.webp
Imboost Force Cough Kids Syrup 60 ml,https://d2qjkwm11akmwu.cloudfront.net/products/184542_16-1-2024_11-28-25.webp
CDR Fortos 10 Tablet,https://d2qjkwm11akmwu.cloudfront.net/products/837_22-4-2024_10-22-56.webp
Disflatyl 40 mg 10 Tablet,https://d2qjkwm11akmwu.cloudfront.net/products/891626_22-4-2024_16-52-14.webp
Rozgra 50 mg Tablet,https://d2qjkwm11akmwu.cloudfront.net/products/20675-1665793587.webp
Laxing 4 Kapsul,https://d2qjkwm11akmwu.cloudfront.net/products/58682_20-6-2019_9-58-15-1665779473.webp
Thermolyte Plus 10 Kaplet,https://d2qjkwm11akmwu.cloudfront.net/products/163928_6-4-2022_11-7-40-1665800010.webp
Venosmil Gel,https://d2qjkwm11akmwu.cloudfront.net/products/370-1.webp
Borobudur Jati Belanda 60 Kapsul,https://d2qjkwm11akmwu.cloudfront.net/products/786401_22-2-2019_14-33-36-1665802287.webp
Borobudur Jati Belanda 100 Kapsul,https://d2qjkwm11akmwu.cloudfront.net/products/199842_22-2-2019_14-35-35-1665802287.webp
Thermolyte Plus 30 Kaplet,https://d2qjkwm11akmwu.cloudfront.net/products/810938_6-4-2022_11-43-11-1665765458.webp
Entrostop Anak Sirup 10 ml,https://d2qjkwm11akmwu.cloudfront.net/products/545605_14-10-2024_13-24-41.webp
Counterpain Cream 15 g,https://d2qjkwm11akmwu.cloudfront.net/products/487590_2-7-2021_20-17-21-1665761232.webp
Lo Han Kuo Infusion 12 Tablet,https://d2qjkwm11akmwu.cloudfront.net/products/617619_29-5-2022_21-19-56-1665780195.webp
New Hau Fung San Spray,https://d2qjkwm11akmwu.cloudfront.net/products/23417_23-11-2018_16-36-20-1665797237.webp
Ika Sariawan 120 ml,https://d2qjkwm11akmwu.cloudfront.net/products/143236_2-6-2021_18-26-46-1665790564.webp
Osteocare 6 Tablet,https://d2qjkwm11akmwu.cloudfront.net/products/543151_27-11-2020_13-45-28-1665778791.webp
Strepsil Honey Dan Lemon 12 Tablet,https://d2qjkwm11akmwu.cloudfront.net/products/3221-1665767875.webp
Vitazym Plus 10 Tablet,https://d2qjkwm11akmwu.cloudfront.net/products/34013_19-6-2022_23-23-16-1665851805.webp
Nogaze 40 mg 10 Tablet Kunyah,https://d2qjkwm11akmwu.cloudfront.net/products/256718_9-2-2023_14-47-37.webp
Cendo Polygran Eye Ointment 3.5 g,https://d2qjkwm11akmwu.cloudfront.net/products/12793-1665784154.webp
Erymed Plus Solution 30 ml,https://d2qjkwm11akmwu.cloudfront.net/products/1565-1665760775.webp
Counterpain Cream 30 g,https://d2qjkwm11akmwu.cloudfront.net/products/2020-1665761233.webp
Clabat Dry Sirup 60 ml,https://d2qjkwm11akmwu.cloudfront.net/products/3876_28-1-2019_13-22-9-1665770549.webp
Counterpain Cream 5 g,https://d2qjkwm11akmwu.cloudfront.net/products/1942-1665761169.webp
Borobudur Kejibeling 100 Pil,https://d2qjkwm11akmwu.cloudfront.net/products/393139_8-5-2019_13-21-35-1665770876.webp
Selection Facial Cotton Special Lapis Tebal 60 g,https://d2qjkwm11akmwu.cloudfront.net/products/752406_2-10-2020_17-13-51-1665811377.webp
Oxoril Sirup 60 ml,https://d2qjkwm11akmwu.cloudfront.net/products/11558-1665782192.webp
Marcks Beauty Powder Pink 40 g,https://d2qjkwm11akmwu.cloudfront.net/products/11367-1665781941.webp
Lanos Drops 15 ml,https://d2qjkwm11akmwu.cloudfront.net/products/570171_19-6-2022_23-44-11-1665854557.webp
Longatin 25 mg 4 Kapsul,https://d2qjkwm11akmwu.cloudfront.net/products/18585-1665791570.webp
Molexdryl Sirup 60 ml,https://d2qjkwm11akmwu.cloudfront.net/products/103331_5-3-2019_14-24-29-1665779456.webp
Clinelle WhitenUp Brightening Spot Corrector Essence 15 ml,https://d2qjkwm11akmwu.cloudfront.net/products/273728_3-10-2022_11-25-8-1665847899.webp
OBH Afiat 100 ml,https://d2qjkwm11akmwu.cloudfront.net/products/499532_28-4-2022_14-0-14-1665856019.webp
Selection Facial Cotton 50 g,https://d2qjkwm11akmwu.cloudfront.net/products/13796-1665785755.webp
Clinelle Blemish Gel 15 ml,https://d2qjkwm11akmwu.cloudfront.net/products/473786_30-9-2022_13-47-12-1665847876.webp
Herbapoten 10 Tablet,https://d2qjkwm11akmwu.cloudfront.net/products/326336_13-11-2022_19-17-44.webp
Nutrimax Male Formula Rx 30 Tablet,https://d2qjkwm11akmwu.cloudfront.net/products/806172_31-10-2019_14-53-1-1665772145.webp
Sea-Quill Vitamin E 400 IU 120 Kapsul,https://d2qjkwm11akmwu.cloudfront.net/products/4337-1665770929.webp
Nutriflam Neo 6 Kapsul,https://d2qjkwm11akmwu.cloudfront.net/products/175627_11-11-2022_17-43-6.webp
Oilum Soap 85Gr,https://d2qjkwm11akmwu.cloudfront.net/products/277755_21-4-2020_15-40-35-1665792816.webp
Lapisiv Sirup 100 ml,https://d2qjkwm11akmwu.cloudfront.net/products/810224_16-12-2023_22-14-27.webp
Wellness Mega B Complex 30 Tablet,https://d2qjkwm11akmwu.cloudfront.net/products/10359-1665780772.webp
Rosary Polish Remover 50 ml Nail Polish,https://d2qjkwm11akmwu.cloudfront.net/products/11739-1665782373.webp
Lactaboost 30 Tablet,https://d2qjkwm11akmwu.cloudfront.net/products/223542_9-4-2020_9-48-57-1665809391.webp
Ginger-C 30 Kaplet,https://d2qjkwm11akmwu.cloudfront.net/products/17356_8-1-2023_22-47-27.webp
Kondom Sutra Plus Isi 3,https://d2qjkwm11akmwu.cloudfront.net/products/368336_25-11-2019_23-19-41-1665806231.webp
Kondom Okamoto Crown Isi 10,https://d2qjkwm11akmwu.cloudfront.net/products/13266-1665785058.webp
Hy-Folic 6 Tablet,https://d2qjkwm11akmwu.cloudfront.net/products/238744_26-6-2022_23-14-52-1665856436.webp
Kondom Fiesta Strawberry Isi 3,https://d2qjkwm11akmwu.cloudfront.net/products/102194_22-7-2022_14-24-25-1665780875.webp
Kondom Durex Ribbed Isi 3,https://d2qjkwm11akmwu.cloudfront.net/products/13251-1665785047.webp
Strepsil Honey Lemon Isi 8,https://d2qjkwm11akmwu.cloudfront.net/products/519866_30-6-2019_22-10-22-1665791106.webp
Sinargi Tamacap 350 mg 60 Kapsul,https://d2qjkwm11akmwu.cloudfront.net/products/192666_25-7-2022_14-40-51-1665856320.webp
Nutrisip 10 Kapsul,https://d2qjkwm11akmwu.cloudfront.net/products/878121_15-8-2022_17-15-41-1665860193.webp
Taxilan Suspensi 180 ml,https://d2qjkwm11akmwu.cloudfront.net/products/8485-1665778051.webp
Ulsafate Suspensi 100 ml,https://d2qjkwm11akmwu.cloudfront.net/products/18408-1665791446.webp
Lergio Eye Drops 5 ml,https://d2qjkwm11akmwu.cloudfront.net/products/595537_4-3-2022_10-19-7-1665821292.webp
Medez Krim 50 g,https://d2qjkwm11akmwu.cloudfront.net/products/852222_26-6-2022_22-51-58-1665856260.webp
Ulsafate Suspensi 200 ml,https://d2qjkwm11akmwu.cloudfront.net/products/18409-1665791447.webp
Polident 3 Minute Daily Cleanser 6 Tablet,https://d2qjkwm11akmwu.cloudfront.net/products/55526_14-11-2021_19-56-28-1665838375.webp
Colgate Toothbrush Slimsoft Charcoal 1 Pieces,https://d2qjkwm11akmwu.cloudfront.net/products/809053_26-9-2022_17-10-22-1665834507.webp
Kondom Fiesta Watermelon Sugar Isi 3,https://d2qjkwm11akmwu.cloudfront.net/products/558107_31-8-2022_15-30-2-1665855552.webp
Sinargi Santopect 300 mg 60 Pil,https://d2qjkwm11akmwu.cloudfront.net/products/627069_25-7-2022_14-20-39-1665856319.webp
Probiostim 10 Kapsul,https://d2qjkwm11akmwu.cloudfront.net/products/690156_21-7-2023_14-37-51.webp
Liprolac Baby Drop 8 ml,https://d2qjkwm11akmwu.cloudfront.net/products/524003_24-7-2023_13-35-47.webp
Kondom Fiesta Max Dotted Isi 3,https://d2qjkwm11akmwu.cloudfront.net/products/610809_22-7-2022_14-47-33-1665780896.webp
Redacid 250 mg 6 Kaplet,https://d2qjkwm11akmwu.cloudfront.net/products/116554_21-7-2023_14-20-14.webp
Konvermex Suspensi 125 mg 10 ml,https://d2qjkwm11akmwu.cloudfront.net/products/622125_24-9-2019_11-11-52-1665781838.webp
Apialys Sirup 100 ml,https://d2qjkwm11akmwu.cloudfront.net/products/730483_16-2-2023_15-17-23.webp
Ubitine 6 Kapsul Lunak,https://d2qjkwm11akmwu.cloudfront.net/products/448640_29-7-2022_14-47-4-1665856325.webp
Enercore Granul 5 Sachet,https://d2qjkwm11akmwu.cloudfront.net/products/16061-1665788763.webp
Deorex Body Odorizer Non Fragrance Spray 60 ml,https://d2qjkwm11akmwu.cloudfront.net/products/363521_4-8-2022_16-46-48-1665809701.webp
Liprolac Kids Sachet,https://d2qjkwm11akmwu.cloudfront.net/products/736444_21-7-2023_13-53-3.webp
Konvermex 250 mg 2 Kaplet,https://d2qjkwm11akmwu.cloudfront.net/products/248566_24-9-2019_11-9-31-1665781838.webp
Po Chai Pills 10 Tube,https://d2qjkwm11akmwu.cloudfront.net/products/86815_17-10-2019_13-17-21-1665771058.webp
Meiact 200 mg 10 Tablet,https://d2qjkwm11akmwu.cloudfront.net/products/118623_23-5-2023_13-45-11.webp
Oavit 10 Kapsul,https://d2qjkwm11akmwu.cloudfront.net/products/104844_5-7-2023_13-45-53.webp
Cendo Noncort Eye Drop 5 ml,https://d2qjkwm11akmwu.cloudfront.net/products/7917-1665777303.webp
Kalitake Granul 5 g,https://d2qjkwm11akmwu.cloudfront.net/products/3639-1665769472.webp
Kondom Fiesta Mint Isi 3,https://d2qjkwm11akmwu.cloudfront.net/products/13259-1665785053.webp
Inlacta DHA 10 Kapsul,https://d2qjkwm11akmwu.cloudfront.net/products/497085_25-3-2024_16-6-2.webp
Acnol Gel For Acne 10 g,https://d2qjkwm11akmwu.cloudfront.net/products/13990-1665786045.webp
Astria 4 mg 4 Kapsul,https://d2qjkwm11akmwu.cloudfront.net/products/753571_20-3-2024_13-31-30.webp
Kondom Fiesta Classic isi 3,https://d2qjkwm11akmwu.cloudfront.net/products/13258-1665785053.webp
Kondom Fiesta Banana Isi 3,https://d2qjkwm11akmwu.cloudfront.net/products/763122_22-7-2022_14-38-25-1665780890.webp
Kondom Durex Together Isi 12,https://d2qjkwm11akmwu.cloudfront.net/products/774833_4-8-2022_16-56-24-1665785049.webp
Acnes Sealing Jell 18 g,https://d2qjkwm11akmwu.cloudfront.net/products/546073_10-5-2022_14-37-40-1665786043.webp
Kondom Sutra Rm Isi 12,https://d2qjkwm11akmwu.cloudfront.net/products/10489-1665780873.webp
Jamu Ban Leng 50 ml,https://d2qjkwm11akmwu.cloudfront.net/products/502636_1-12-2019_20-33-10-1665799593.webp
Vicks Vaporub 50 g,https://d2qjkwm11akmwu.cloudfront.net/products/391590_5-7-2021_10-16-3-1665779634.webp
Melocid 7.5 mg 10 Tablet,https://d2qjkwm11akmwu.cloudfront.net/products/600245_29-9-2020_17-24-38-1665801644.webp
Astria Force 6 mg 6 Kapsul,https://d2qjkwm11akmwu.cloudfront.net/products/327572_21-3-2024_8-44-57.webp
Vitamin B12 50 mcg 10 Tablet,https://d2qjkwm11akmwu.cloudfront.net/products/893079_4-2-2019_13-32-43-1665884958.webp
Nutrafor Radiance Beauty 30 Kaplet,https://d2qjkwm11akmwu.cloudfront.net/products/17802-1665790776.webp
Mycospor 1% Cream 5 g,https://d2qjkwm11akmwu.cloudfront.net/products/531222_30-4-2019_10-35-44-1665760945.webp
Jamu Ban Leng 100 ml,https://d2qjkwm11akmwu.cloudfront.net/products/241273_3-12-2019_22-31-58-1665799591.webp
Jamu Ban Leng 15 ml,https://d2qjkwm11akmwu.cloudfront.net/products/492453_4-12-2019_17-18-38-1665799592.webp
Aceton Nail Remover 50 ml,https://d2qjkwm11akmwu.cloudfront.net/products/803233_25-2-2019_11-6-44-1665785949.webp
Nasacort AQ Nasal Spray,https://d2qjkwm11akmwu.cloudfront.net/products/712206_29-11-2019_16-57-4-1665761344.webp
Vicks Vaporub 25 g,https://d2qjkwm11akmwu.cloudfront.net/products/774577_12-11-2021_12-33-45-1665780317.webp
Borobudur Sendi 100 Kapsul,https://d2qjkwm11akmwu.cloudfront.net/products/4267-1665770880.webp
Kondom Sutra Rm Isi 3,https://d2qjkwm11akmwu.cloudfront.net/products/600822_6-5-2019_9-5-16-1665780872.webp
Vicks Vaporub 10 g,https://d2qjkwm11akmwu.cloudfront.net/products/367833_25-8-2021_17-11-38-1665780088.webp
Freegas 6 Tablet,https://d2qjkwm11akmwu.cloudfront.net/products/773383_21-7-2023_14-40-39.webp
Venosmil 200 mg 10 Kapsul,https://d2qjkwm11akmwu.cloudfront.net/products/622895_29-5-2023_14-3-38.webp
Happy Bedak Salicyl 60 g,https://d2qjkwm11akmwu.cloudfront.net/products/367108_10-1-2020_14-56-30-1665809814.webp
Borobudur Ideal 100 Pil,https://d2qjkwm11akmwu.cloudfront.net/products/4239-1665770861.webp
Kondom Durex Extra Safe Isi 3,https://d2qjkwm11akmwu.cloudfront.net/products/626588_4-8-2022_14-58-28-1665780329.webp
Kondom Fiesta Extreme Isi 3,https://d2qjkwm11akmwu.cloudfront.net/products/10514-1665780898.webp
Kondom Durex Love Isi 3,https://d2qjkwm11akmwu.cloudfront.net/products/856920_13-6-2022_16-19-49-1665785044.webp
Kondom Durex Love Isi 12,https://d2qjkwm11akmwu.cloudfront.net/products/722324_13-6-2022_16-21-55-1665785043.webp
Cendo Glaopen Minidose 0.6 ml,https://d2qjkwm11akmwu.cloudfront.net/products/7899-1665777286.webp
Vitamin C 50 mg 10 Tablet,https://d2qjkwm11akmwu.cloudfront.net/products/421313_6-4-2020_18-17-30-1665815530.webp
Jamu Iboe Body Slim Herbal 30 Kapsul,https://d2qjkwm11akmwu.cloudfront.net/products/10230-1665780619.webp
Asepso Reguler Sabun Padat 80 g,https://d2qjkwm11akmwu.cloudfront.net/products/9756-1665780198.webp
Vitamin C 25 mg 100 Tablet,https://d2qjkwm11akmwu.cloudfront.net/products/110048_31-3-2020_11-58-3-1665815209.webp
Transpulmin Sirup 100 ml,https://d2qjkwm11akmwu.cloudfront.net/products/1837-1665761080.webp
Prove D3-1000 IU 10 Tablet,https://d2qjkwm11akmwu.cloudfront.net/products/503610_25-7-2024_13-23-9.webp
Vitamin C 50 mg 100 Tablet Kimia Farma,https://d2qjkwm11akmwu.cloudfront.net/products/511080_2-4-2020_11-7-29-1665815216.webp
Nosfocin Sirup 120 ml,https://d2qjkwm11akmwu.cloudfront.net/products/765616_11-1-2020_21-2-9-1665799718.webp
Laxing 10 Kapsul,https://d2qjkwm11akmwu.cloudfront.net/products/184183_27-5-2022_18-27-13-1665801697.webp
Respituss Syrup 120 ml,https://d2qjkwm11akmwu.cloudfront.net/products/874284_11-10-2022_14-4-10-1665852634.webp
Blackmores Bio C 1000 mg 30 Tablet,https://d2qjkwm11akmwu.cloudfront.net/products/332616_15-6-2022_17-11-18-1665804015.webp
Al Afiat Gurah Mint 60 ml,https://d2qjkwm11akmwu.cloudfront.net/products/15140_5-12-2021_23-13-10-1665840526.webp
Zeman Sx 10 Kapsul,https://d2qjkwm11akmwu.cloudfront.net/products/719958_3-12-2019_22-27-9-1665796831.webp
Kompolax Sirup 60 ml,https://d2qjkwm11akmwu.cloudfront.net/products/11274-1665781771.webp
Borobudur Tongli 100 Kapsul,https://d2qjkwm11akmwu.cloudfront.net/products/144782_21-2-2019_16-46-13-1665802077.webp
De-Cough Jeruk Sirup 60 ml,https://d2qjkwm11akmwu.cloudfront.net/products/17826-1665790792.webp
Canesten Pro Cream 5 g,https://d2qjkwm11akmwu.cloudfront.net/products/96247_29-11-2024_9-43-1.webp
Borobudur Tongli 60 Kapsul,https://d2qjkwm11akmwu.cloudfront.net/products/732967_21-2-2019_16-35-7-1665802077.webp
A. Vogel Bronchosan Pine Cough Sirup 100 ml,https://d2qjkwm11akmwu.cloudfront.net/products/10075-1665780432.webp
Testpack The Real Testpack,https://d2qjkwm11akmwu.cloudfront.net/products/681867_19-7-2020_23-15-3-1665804217.webp
Grafalin 2mg 10 Tablet,https://d2qjkwm11akmwu.cloudfront.net/products/14662-1665787093.webp
Ever E 250 IU 12 Kapsul,https://d2qjkwm11akmwu.cloudfront.net/products/129660_27-2-2024_13-43-38.webp
Imunos Plus 4 Kaplet,https://d2qjkwm11akmwu.cloudfront.net/products/203886_8-9-2022_10-3-16-1665791612.webp
Oseltamivir 75 mg 10 Kapsul,https://d2qjkwm11akmwu.cloudfront.net/products/755740_29-8-2022_15-27-40-1665794307.webp
Sebamed Clear Face Care Gel 50 ml,https://d2qjkwm11akmwu.cloudfront.net/products/397719_28-8-2020_13-50-51-1665770918.webp
Mama Pad Breast Pads 56 Pcs,https://d2qjkwm11akmwu.cloudfront.net/products/16942-1665789778.webp
Aqua Maris Baby Nasal Drop 15 ml,https://d2qjkwm11akmwu.cloudfront.net/products/10568-1665781056.webp
MBK Silver Powder 12 Sachet,https://d2qjkwm11akmwu.cloudfront.net/products/18285-1665791297.webp
Prome Sirup 60 ml,https://d2qjkwm11akmwu.cloudfront.net/products/2179-1665761436.webp
Canesten Pro Cream 15 g,https://d2qjkwm11akmwu.cloudfront.net/products/731269_29-11-2024_9-50-29.webp
Levosif Sirup 100 ml,https://d2qjkwm11akmwu.cloudfront.net/products/838738_2-10-2020_17-15-16-1665814556.webp
Vegeta Scrubber 6 Sachet,https://d2qjkwm11akmwu.cloudfront.net/products/217099_21-7-2023_14-44-54.webp
Meprothion 500 10 Tablet,https://d2qjkwm11akmwu.cloudfront.net/products/214722_11-10-2024_10-37-28.webp
Artisan Professionnel Touche 3D Lashes 6776,https://d2qjkwm11akmwu.cloudfront.net/products/725740_26-3-2023_22-53-4.webp
Borobudur Wasir 12 Kapsul,https://d2qjkwm11akmwu.cloudfront.net/products/176763_2-10-2019_16-4-19-1665805722.webp
Borobudur Senna 100 Kapsul,https://d2qjkwm11akmwu.cloudfront.net/products/405003_1-10-2019_15-31-7-1665805721.webp
Durex Play Tingle 100 ml,https://d2qjkwm11akmwu.cloudfront.net/products/12883-1665784388.webp
Dermatheory Purifying Cleanser 100 ml,https://d2qjkwm11akmwu.cloudfront.net/products/522565_14-2-2023_15-5-46.webp
Kondom Durex Close Fit Isi 12,https://d2qjkwm11akmwu.cloudfront.net/products/38149_4-8-2022_16-20-27-1665784381.webp
Cap Gajah Garam Inggris 30 g,https://d2qjkwm11akmwu.cloudfront.net/products/727264_1-11-2023_11-13-37.webp
Redoxon Kids 60 Tablet Kunyah,https://d2qjkwm11akmwu.cloudfront.net/products/567917_24-2-2022_11-45-55-1665847403.webp
Fitkom Rasa Jeruk 21 Tablet,https://d2qjkwm11akmwu.cloudfront.net/products/241304_2-7-2021_20-21-8-1665779082.webp
Mucohexin Sirup 120 ml,https://d2qjkwm11akmwu.cloudfront.net/products/485869_8-4-2019_17-2-25-1665761350.webp
Vitalife C-500 30 Kapsul,https://d2qjkwm11akmwu.cloudfront.net/products/253216_17-8-2022_23-43-5-1665822416.webp
Kondom Fiesta Max Dotted Isi 12,https://d2qjkwm11akmwu.cloudfront.net/products/753774_22-7-2022_14-57-47-1665780897.webp
Fitkom Rasa Anggur 21 Tablet,https://d2qjkwm11akmwu.cloudfront.net/products/599781_2-7-2021_20-20-51-1665884750.webp
Sensitif Vivo Ultra Thin 3 Pieces,https://d2qjkwm11akmwu.cloudfront.net/products/18079-1665791094.webp
Promavit 10 Kapsul,https://d2qjkwm11akmwu.cloudfront.net/products/568567_26-9-2022_9-50-48-1665778776.webp
Cendo Siloxan Eye Drop 5 ml,https://d2qjkwm11akmwu.cloudfront.net/products/520175_21-2-2022_14-44-38-1665788312.webp
Mom Uung Asi Booster 60 Kapsul,https://d2qjkwm11akmwu.cloudfront.net/products/10548_3-12-2024_15-20-49.webp
Kondom Fiesta All Night Isi 3,https://d2qjkwm11akmwu.cloudfront.net/products/13256-1665785051.webp
ERHA Acneact Post Acne Spot Serum 30 ml,https://d2qjkwm11akmwu.cloudfront.net/products/358743_22-4-2022_14-56-30-1665885289.webp
Al Afiat Gurah Mint 125 ml,https://d2qjkwm11akmwu.cloudfront.net/products/277790_5-12-2021_23-13-31-1665840527.webp
Borobudur Susut Perut 30 Kapsul,https://d2qjkwm11akmwu.cloudfront.net/products/4272-1665770883.webp
Borobudur Kattuk 30 Kapsul,https://d2qjkwm11akmwu.cloudfront.net/products/448271_1-10-2019_14-20-7-1665805716.webp
Ferlin Drops 30 ml,https://d2qjkwm11akmwu.cloudfront.net/products/275784_20-11-2023_13-16-25.webp
Ferriz Drops 15 ml,https://d2qjkwm11akmwu.cloudfront.net/products/1371-1665760611.webp
Kondom Simplex Long Love Isi 3,https://d2qjkwm11akmwu.cloudfront.net/products/13279-1665785067.webp
Seloxy AA 6 Kaplet,https://d2qjkwm11akmwu.cloudfront.net/products/776571_8-9-2022_9-59-42-1665791467.webp
Nature's Health Vitamin E 400 IU 100 Kapsul,https://d2qjkwm11akmwu.cloudfront.net/products/dd9c6f16-1e4b-4ce8-a487-812a9842eac4_product_image_url.webp
Neo Hormoviton 5 Kapsul,https://d2qjkwm11akmwu.cloudfront.net/products/892423_20-6-2024_10-58-30.webp
Kondom Durex Fetherlite Isi 12,https://d2qjkwm11akmwu.cloudfront.net/products/77628_4-8-2022_15-17-9-1665781377.webp
Kondom Fiesta Dotted Isi 3,https://d2qjkwm11akmwu.cloudfront.net/products/530820_22-7-2022_14-53-13-1665780873.webp
Kondom Durex Fetherlite Isi 3,https://d2qjkwm11akmwu.cloudfront.net/products/713923_4-8-2022_15-20-25-1665781378.webp
D-Vit Syrup 100 ml,https://d2qjkwm11akmwu.cloudfront.net/products/12888-1665784391.webp
Remscar Gel 15 g,https://d2qjkwm11akmwu.cloudfront.net/products/595511_28-1-2021_11-15-17-1665828145.webp
Migranal 100 Pil,https://d2qjkwm11akmwu.cloudfront.net/products/603401_21-12-2022_11-15-3.webp
Kondom Sutra Isi 24,https://d2qjkwm11akmwu.cloudfront.net/products/13284-1665785070.webp
Kloderma 0.05% Salep 5 g,https://d2qjkwm11akmwu.cloudfront.net/products/1667-1665760875.webp
Lotasbat 0.05% Cream 10 g,https://d2qjkwm11akmwu.cloudfront.net/products/859690_17-8-2020_13-32-51-1665760888.webp
Fibrefirst 15 Sachet,https://d2qjkwm11akmwu.cloudfront.net/products/620954_29-5-2022_20-50-5-1665803100.webp
Fibrefirst 7 Sachet,https://d2qjkwm11akmwu.cloudfront.net/products/295511_4-4-2022_13-48-17-1665804239.webp
My Baby Minyak Telon Plus Lavender 60 ml,https://d2qjkwm11akmwu.cloudfront.net/products/583267_10-7-2022_21-35-39-1665857168.webp
Viostin 5 Kaplet,https://d2qjkwm11akmwu.cloudfront.net/products/690352_11-6-2024_17-12-58.webp
Eskulin Spray Cologne Japan Spring Melody 110 ml,https://d2qjkwm11akmwu.cloudfront.net/products/138652_19-1-2022_11-9-7-1665842645.webp
Sido Muncul Libidione 30 Kapsul,https://d2qjkwm11akmwu.cloudfront.net/products/674544_7-3-2024_17-10-2.webp
Lip Ice Color Naughty Red,https://d2qjkwm11akmwu.cloudfront.net/products/9503_17-5-2020_22-16-3-1665812108.webp
Aza 20 gel 30 g,https://d2qjkwm11akmwu.cloudfront.net/products/785174_25-11-2024_10-32-55.webp
Bodrexin Herbal Batuk Sachet 7.5 ml,https://d2qjkwm11akmwu.cloudfront.net/products/338721_3-12-2019_22-38-55-1665801859.webp
X-Gra 150 mg 10 Kapsul,https://d2qjkwm11akmwu.cloudfront.net/products/701399_17-11-2022_10-1-38.webp
L-Bio 15 Kapsul,https://d2qjkwm11akmwu.cloudfront.net/products/173829_21-7-2023_14-52-8.webp
Aza 20 Cream 10 g,https://d2qjkwm11akmwu.cloudfront.net/products/266138_17-2-2022_18-25-14-1665775672.webp
Borobudur Asi 30 Kapsul,https://d2qjkwm11akmwu.cloudfront.net/products/443915_24-3-2019_22-43-11-1665770854.webp
Erha Follicore Herbal 60 Kapsul,https://d2qjkwm11akmwu.cloudfront.net/products/92782_14-4-2020_23-59-52-1665815595.webp
Amunizer 4 Sachet,https://d2qjkwm11akmwu.cloudfront.net/products/329943_15-6-2022_17-28-21-1665821106.webp
Glucosamine 250 mg 10 Tablet,https://d2qjkwm11akmwu.cloudfront.net/products/182547_6-3-2020_17-50-51-1665781668.webp
Vitamin B12 IPI 45 Tablet,https://d2qjkwm11akmwu.cloudfront.net/products/690714_22-8-2019_9-46-21-1665779630.webp
Fluimucil Inhalasi 100 mg,https://d2qjkwm11akmwu.cloudfront.net/products/739314_5-5-2023_14-38-51.webp
Ofloxacin Tetes Telinga 3 mg/ml 5 ml,https://d2qjkwm11akmwu.cloudfront.net/products/208198_18-11-2021_14-30-15-1665842478.webp
GetVit-D3/Provit-D3 1000 IU 10 Tablet,https://d2qjkwm11akmwu.cloudfront.net/products/678708_13-7-2022_11-30-8-1665839109.webp
Aclam Forte 250/62.5 mg Dry Sirup 60 ml,https://d2qjkwm11akmwu.cloudfront.net/products/116077_23-6-2019_22-37-40-1665774491.webp
Topcillin 125 mg/5 ml Dry Sirup 60 ml,https://d2qjkwm11akmwu.cloudfront.net/products/5646-1665773319.webp
Profat 500 mg/5 ml Suspensi 100 ml,https://d2qjkwm11akmwu.cloudfront.net/products/623698_14-3-2022_14-6-2-1.webp
Nucral Suspensi 500 mg/ 5 ml 100 ml,https://d2qjkwm11akmwu.cloudfront.net/products/17792-1665790769.webp
Dermatop 2.5 mg/g Cream 5 g,https://d2qjkwm11akmwu.cloudfront.net/products/1515-1665760735.webp
Tocef 100 mg/5 ml Dry Syrup 30 ml,https://d2qjkwm11akmwu.cloudfront.net/products/886594_7-12-2022_13-54-51.webp
GetVit-C/Provit-C 1000 mg 6 Kaplet,https://d2qjkwm11akmwu.cloudfront.net/products/112596_6-10-2023_13-24-34.webp
GetVit-C/Provit-C 605 mg 30 Kaplet,https://d2qjkwm11akmwu.cloudfront.net/products/731949_6-10-2023_13-37-22.webp
Lexacorton 25 mg/g Cream 5 g,https://d2qjkwm11akmwu.cloudfront.net/products/799898_12-5-2019_22-53-7-1665760883.webp
Lacoma 50 mcg/ml Eye Drop 2.5 ml,https://d2qjkwm11akmwu.cloudfront.net/products/797207_11-11-2022_16-32-11.webp
Dumin 125 mg/2.5 ml Rectal Tube,https://d2qjkwm11akmwu.cloudfront.net/products/1808-1665760992.webp
Burnazin 10 mg/g Cream 35 g,https://d2qjkwm11akmwu.cloudfront.net/products/1492-1665760717.webp
Seretide Inhaler 25/50 mcg 120 Dosis,https://d2qjkwm11akmwu.cloudfront.net/products/2063-1665761277.webp
Seretide Diskus 50/100 mcg 60 Dosis,https://d2qjkwm11akmwu.cloudfront.net/products/702417_4-2-2021_11-40-38-1665761206.webp
Seretide Diskus 50/500 mcg 60 Dosis,https://d2qjkwm11akmwu.cloudfront.net/products/2064-1665761278.webp
Calitoz/Calos 60 Tablet,https://d2qjkwm11akmwu.cloudfront.net/products/153441_12-7-2022_16-57-37-1665760522.webp
Licogenta 1 mg/g Cream 5 g,https://d2qjkwm11akmwu.cloudfront.net/products/268855_7-7-2019_23-27-11-1665776978.webp
Abbotic 125 mg/5 ml Dry Syrup 30 ml,https://d2qjkwm11akmwu.cloudfront.net/products/663421_10-7-2019_10-7-23-1665801829.webp
Abbotic Forte 250 mg/5 ml Dry Syrup 50 ml,https://d2qjkwm11akmwu.cloudfront.net/products/13924-1665785920.webp
Lotasbat 0.5 mg/g Salep 10 g,https://d2qjkwm11akmwu.cloudfront.net/products/1695-1665760898.webp
Lasalcom Inhaler 2.5 mg/2.5 ml,https://d2qjkwm11akmwu.cloudfront.net/products/590555_2-7-2023_22-4-24.webp
Garabiotic 1 mg/g Cream 15 g,https://d2qjkwm11akmwu.cloudfront.net/products/404508_21-2-2019_9-48-45-1665781645.webp
Garabiotic 1 mg/g Cream 5 g,https://d2qjkwm11akmwu.cloudfront.net/products/11083-1665781646.webp
Regit 5 mg/5 ml Sirup 60 ml,https://d2qjkwm11akmwu.cloudfront.net/products/others-1.webp
Berotec MDI 100 mcg/Puff 10 ml,https://d2qjkwm11akmwu.cloudfront.net/products/1229-1665760493.webp
Forumen 5 mg/ml Ear Drops 10 ml,https://d2qjkwm11akmwu.cloudfront.net/products/1550-1665760763.webp
Apolar 0.5 mg/g Cream 10 g,https://d2qjkwm11akmwu.cloudfront.net/products/1458-1665760689.webp
Profat 500 mg/5 ml Suspensi 200 ml,https://d2qjkwm11akmwu.cloudfront.net/products/93162_11-7-2023_11-57-57.webp
Nature's Plus Zinc Picolinate W/B-6 60 Tablet,https://d2qjkwm11akmwu.cloudfront.net/products/127412_5-4-2022_14-20-2-1665787921.webp
Laprosin Sirup 250 mg/5 ml 60 ml,https://d2qjkwm11akmwu.cloudfront.net/products/14912-1665787397.webp
Comvit/Fasfit D 1000 IU 10 Tablet,https://d2qjkwm11akmwu.cloudfront.net/products/713340_26-9-2022_10-40-2-1665839321.webp
Sagestam Ear/Eye Drops 5 ml,https://d2qjkwm11akmwu.cloudfront.net/products/3316-1665769068.webp
Hyaloph 1 mg/ml Eye Drops 5 ml,https://d2qjkwm11akmwu.cloudfront.net/products/1595-1665760808.webp
Moladerm 20 mg/g Cream 10 g,https://d2qjkwm11akmwu.cloudfront.net/products/1721-1665760919.webp
Momami Softie Top To Toe Wash 235 ml,https://d2qjkwm11akmwu.cloudfront.net/products/442836_5-9-2021_8-30-46-1665838439.webp
Cap Lang Minyak Ekaliptus Aromatherapy Lavender 30 ml,https://d2qjkwm11akmwu.cloudfront.net/products/14396-1665786918.webp
Betahistine 6 mg 10 Tablet,https://d2qjkwm11akmwu.cloudfront.net/products/764246_8-9-2022_10-4-42-1665791755.webp
Nebulizer Mask Adult,https://d2qjkwm11akmwu.cloudfront.net/products/476742_11-11-2019_10-15-19-1665802682.webp
Medi-Klin Gel 10 g,https://d2qjkwm11akmwu.cloudfront.net/products/71085_26-7-2024_17-51-30.webp
Proterol Syrup 25 mcg/5 ml 60 ml,https://d2qjkwm11akmwu.cloudfront.net/products/614454_9-12-2021_17-24-28-1665843153.webp
Sebamed Anti Dry Derma-Soft Wash Emulsion 200 ml,https://d2qjkwm11akmwu.cloudfront.net/products/614848_28-8-2020_14-2-30-1665770927.webp
Stimuno Sirup Rasa Anggur 60 ml,https://d2qjkwm11akmwu.cloudfront.net/products/689264_1-4-2024_15-13-22.webp
Blood Menstruheat Sachet,https://d2qjkwm11akmwu.cloudfront.net/products/552060_9-9-2022_11-4-24-1665822636.webp
Clinelle Caviar Gold Firming Serum 30 ml,https://d2qjkwm11akmwu.cloudfront.net/products/119320_30-9-2022_16-14-17-1665847882.webp
Tong Kang Shuang Krim 10 g,https://d2qjkwm11akmwu.cloudfront.net/products/272859_4-3-2020_19-24-26-1665814986.webp
Imboost Bone Effervescent 8 Tablet,https://d2qjkwm11akmwu.cloudfront.net/products/55613_23-2-2024_16-6-32.webp
Pureco Liquid Detergent Lavender 500 ml,https://d2qjkwm11akmwu.cloudfront.net/products/389686_31-7-2021_0-51-48-1665838430.webp
Stimuno Sirup Rasa Anggur 100 ml,https://d2qjkwm11akmwu.cloudfront.net/products/754748_25-4-2022_14-40-10-1665780368.webp
Kondom Sagami Original 001 3 Pieces,https://d2qjkwm11akmwu.cloudfront.net/products/880164_2-8-2022_13-22-0-1665856845.webp
Nairet 2.5 mg 10 Tablet,https://d2qjkwm11akmwu.cloudfront.net/products/362192_13-6-2023_16-45-4.webp
Lotharson 10 Kaplet,https://d2qjkwm11akmwu.cloudfront.net/products/855290_19-5-2020_15-6-36-1665802884.webp
Neo Kaolana Suspensi 120 ml,https://d2qjkwm11akmwu.cloudfront.net/products/302-1.webp
Sakatonik ABC Jeruk 30 Tablet,https://d2qjkwm11akmwu.cloudfront.net/products/716204_8-2-2023_10-45-19.webp
Nipe Fever Sirup 60 ml,https://d2qjkwm11akmwu.cloudfront.net/products/673305_4-6-2021_9-43-22-1665838288.webp
Proxona 10 Kaplet,https://d2qjkwm11akmwu.cloudfront.net/products/646012_11-1-2020_20-41-19-1665802876.webp
Baquinor 250 mg 10 Tablet,https://d2qjkwm11akmwu.cloudfront.net/products/8329-1665777823.webp
Opimox 500 mg 10 Kaplet,https://d2qjkwm11akmwu.cloudfront.net/products/5626-1665773245.webp
Pureco Liquid Detergent Lavender 900 ml,https://d2qjkwm11akmwu.cloudfront.net/products/578900_31-7-2021_0-52-15-1665838429.webp
Enervon-C Effervescent 10 Tablet,https://d2qjkwm11akmwu.cloudfront.net/products/318245_27-2-2024_10-41-54.webp
Elkana CL Emulsion 120 ml,https://d2qjkwm11akmwu.cloudfront.net/products/9785-1665780221.webp
Lactogen 1 750 g,https://d2qjkwm11akmwu.cloudfront.net/products/110584_29-4-2020_11-34-36-1665779719.webp
SGM Eksplor Gain Optigrow 1 Vanilla Susu Bubuk 400 g,https://d2qjkwm11akmwu.cloudfront.net/products/334202_27-4-2023_16-59-50.webp
Lactogen 1 350 g,https://d2qjkwm11akmwu.cloudfront.net/products/192509_29-4-2020_11-27-24-1665789120.webp
Santa-E 100 IU 30 Soft Capsules,https://d2qjkwm11akmwu.cloudfront.net/products/650229_1-10-2020_10-46-44-1665822871.webp
Kondom Sagami Original 002 Isi 6,https://d2qjkwm11akmwu.cloudfront.net/products/10517-1665780900.webp
Lactogen 1 180 g,https://d2qjkwm11akmwu.cloudfront.net/products/142263_8-4-2020_15-19-35-1665789119.webp
Ozen Drops 12 ml,https://d2qjkwm11akmwu.cloudfront.net/products/13348-1665785113.webp
Cetaphil Baby Shampoo Natural Camomile 200 ml,https://d2qjkwm11akmwu.cloudfront.net/products/261626_3-10-2022_11-45-42-1665791223.webp
Kondom Durex Tingle Isi 3,https://d2qjkwm11akmwu.cloudfront.net/products/13253-1665785049.webp
Tiger Balm Plaster Cool 2 Lembar,https://d2qjkwm11akmwu.cloudfront.net/products/324271_28-3-2021_20-53-27-1665787616.webp
Schick Quattro Titanium,https://d2qjkwm11akmwu.cloudfront.net/products/514670_27-9-2022_14-57-31-1665834806.webp
Kaflam 50 mg 10 Tablet,https://d2qjkwm11akmwu.cloudfront.net/products/568189_9-7-2023_23-18-32.webp
Tiger Balm Plaster Warm 2 Lembar,https://d2qjkwm11akmwu.cloudfront.net/products/146945_28-3-2021_20-53-58-1665787617.webp
Durocort Syrup 60 ml,https://d2qjkwm11akmwu.cloudfront.net/products/12887-1665784390.webp
SGM BBLR 400 g,https://d2qjkwm11akmwu.cloudfront.net/products/470178_27-5-2022_10-56-58-1665806225.webp
Stimuno Sirup Rasa Original 100 ml,https://d2qjkwm11akmwu.cloudfront.net/products/97323_2-7-2021_20-19-49-1665774153.webp
Blood Kneeheat Sachet,https://d2qjkwm11akmwu.cloudfront.net/products/888397_25-1-2023_17-33-25.webp
Strocain P 400 mg 10 Tablet,https://d2qjkwm11akmwu.cloudfront.net/products/699075_22-4-2024_16-18-40.webp
Nivea Deodorant Extra Whitening Roll On 50 ml,https://d2qjkwm11akmwu.cloudfront.net/products/594229_9-8-2020_10-44-54-1665814138.webp
Nivea Deodorant Extra Whitening Roll On 25 ml,https://d2qjkwm11akmwu.cloudfront.net/products/315074_9-8-2020_10-43-12-1665814138.webp
Rifabiotic 450 mg 10 Kaplet,https://d2qjkwm11akmwu.cloudfront.net/products/761520_12-3-2021_13-35-46-1665831044.webp
Evangeline Eau De Parfum Natural Spray Red Sakura 100 ml,https://d2qjkwm11akmwu.cloudfront.net/products/747334_19-7-2022_16-29-1-1665856480.webp
Pure Kids Inhalant Decongestant Oil 10 ml,https://d2qjkwm11akmwu.cloudfront.net/products/657349_23-12-2021_9-38-35-1665780542.webp
Stimuno Forte 30 Kapsul,https://d2qjkwm11akmwu.cloudfront.net/products/759593_3-12-2024_15-51-39.webp
Kondom Sagami Original 002 Isi 2,https://d2qjkwm11akmwu.cloudfront.net/products/10516_25-1-2019_18-2-11-1665780900.webp
Opimox Dry Sirup 60 ml,https://d2qjkwm11akmwu.cloudfront.net/products/394445_30-7-2021_20-3-5-1665773245.webp
Morinaga BMT 200 g,https://d2qjkwm11akmwu.cloudfront.net/products/423153_30-5-2022_10-56-39-1665792275.webp
Benadryl Batuk Berdahak Sirup 50 ml,https://d2qjkwm11akmwu.cloudfront.net/products/48504_1-9-2022_17-30-21-1665790987.webp
Komix OBH Kid Sirup Rasa Madu 5 ml,https://d2qjkwm11akmwu.cloudfront.net/products/359278_3-2-2020_16-18-1-1665781771.webp
Mertigo SR 12 mg 10 Tablet,https://d2qjkwm11akmwu.cloudfront.net/products/17567-1665790621.webp
Cohistan Expectorant Sirup 100 ml,https://d2qjkwm11akmwu.cloudfront.net/products/1770-1665760963.webp
Omeprazole 20 mg 10 Kapsul,https://d2qjkwm11akmwu.cloudfront.net/products/291283_11-5-2023_10-7-26.webp
Cravit 0.5% Eye Drops 5 ml,https://d2qjkwm11akmwu.cloudfront.net/products/510184_18-2-2019_10-48-22-1665760731.webp
Vaselin Lip Therapy Original 7 g,https://d2qjkwm11akmwu.cloudfront.net/products/484027_21-6-2021_12-59-32-1665821067.webp
OB Herbal Junior 30 ml,https://d2qjkwm11akmwu.cloudfront.net/products/492196_18-1-2023_10-53-28.webp
L-Lax Gel 5 ml,https://d2qjkwm11akmwu.cloudfront.net/products/814868_11-1-2023_13-49-49.webp
Interflox 500 mg 4 Kapsul,https://d2qjkwm11akmwu.cloudfront.net/products/5756-1665773513.webp
Herbatia Sari Langsing 30 Kapsul,https://d2qjkwm11akmwu.cloudfront.net/products/287935_22-10-2019_15-40-58-1665780614.webp
Microlax Gel 5 ml,https://d2qjkwm11akmwu.cloudfront.net/products/409187_27-5-2022_17-43-48-1.webp
Erphaflam 50 mg 10 Tablet,https://d2qjkwm11akmwu.cloudfront.net/products/659967_24-3-2019_23-42-36-1665790352.webp
Komix Herbal Kids Rasa Strawberry 10 ml 4 Botol,https://d2qjkwm11akmwu.cloudfront.net/products/784978_21-7-2022_14-24-45-1665856023.webp
Tride 5000 IU 6 Kapsul,https://d2qjkwm11akmwu.cloudfront.net/products/602679_13-11-2022_22-10-52.webp
Cosrx Low Ph Good Morning Gel Cleanser 150 ml,https://d2qjkwm11akmwu.cloudfront.net/products/254325_28-3-2021_20-35-20-1665816427.webp
Wardah C-Defense Sleeping Mask 30 g,https://d2qjkwm11akmwu.cloudfront.net/products/622795_24-5-2021_10-4-44-1665821332.webp
Pim-Tra-Kol Sirup Cherry 60 ml,https://d2qjkwm11akmwu.cloudfront.net/products/124130_28-8-2020_15-47-25-1665782221.webp
Pim-Tra-Kol Sirup Lemon 60 ml,https://d2qjkwm11akmwu.cloudfront.net/products/11602-1665782222.webp
Urixin 400 mg 10 Tablet,https://d2qjkwm11akmwu.cloudfront.net/products/840-1.webp
Scott's Emulsion Vita Orange 200 ml,https://d2qjkwm11akmwu.cloudfront.net/products/466516_20-11-2024_14-9-34.webp
Cohistan Expectorant Sirup 60 ml,https://d2qjkwm11akmwu.cloudfront.net/products/1783-1665760973.webp
Lapiflox 500 mg 6 Kaplet,https://d2qjkwm11akmwu.cloudfront.net/products/5759-1665773515.webp
Durex Play Feel 100 ml,https://d2qjkwm11akmwu.cloudfront.net/products/768592_4-8-2022_14-43-0-1665805350.webp
Rifamtibi 600 mg 10 Kaplet,https://d2qjkwm11akmwu.cloudfront.net/products/4844-1665771360.webp
Rifamtibi 450 mg 10 Kaplet,https://d2qjkwm11akmwu.cloudfront.net/products/352514_20-6-2023_14-16-59.webp
Incidal-OD 4 Kapsul,https://d2qjkwm11akmwu.cloudfront.net/products/467238_2-2-2023_10-38-46.webp
ERHA Skinsitive DF Ultracalm Face Wash 80 g,https://d2qjkwm11akmwu.cloudfront.net/products/832789_26-6-2022_23-16-8-1665856451.webp
Panadol Extra 10 Kaplet,https://d2qjkwm11akmwu.cloudfront.net/products/807265_19-11-2024_13-49-18.webp
Opimox Forte Dry Sirup 60 ml,https://d2qjkwm11akmwu.cloudfront.net/products/95011_30-7-2021_20-3-33-1665773246.webp
Holisticare D3 1000 30 Tablet,https://d2qjkwm11akmwu.cloudfront.net/products/515249_16-4-2021_9-1-20-1665831740.webp
Biore Make Up Remover Cleansing Oil 150 ml,https://d2qjkwm11akmwu.cloudfront.net/products/19992-1665792929.webp
Pond's Age Miracle Double Action Serum 30 ml,https://d2qjkwm11akmwu.cloudfront.net/products/697292_6-11-2022_19-39-12.webp
Youvit Gummy Anak Rasa Stroberi Jeruk Nanas 7 Tablet,https://d2qjkwm11akmwu.cloudfront.net/products/249572_20-8-2021_15-21-12-1665803020.webp
Atevir 0.5 mg 10 Tablet,https://d2qjkwm11akmwu.cloudfront.net/products/165032_30-6-2020_10-32-46-1665801815.webp
Stimuno Stick Pack Rasa Jeruk Beri 5 ml 5 Sachet,https://d2qjkwm11akmwu.cloudfront.net/products/193712_16-4-2019_17-25-38-1665803864.webp
Optimum Creatine 2500 100 Kapsul,https://d2qjkwm11akmwu.cloudfront.net/products/850516_6-4-2022_10-35-45-1665788125.webp
St Ives Fresh Skin Apricot Face Scrub 170 g,https://d2qjkwm11akmwu.cloudfront.net/products/509309_21-6-2021_11-17-9-1665804384.webp
Mega We Care Nat B 30 SoftGel,https://d2qjkwm11akmwu.cloudfront.net/products/154018_30-7-2020_13-32-29-1665787480.webp
Kondom Sagami Original 002 Isi 4,https://d2qjkwm11akmwu.cloudfront.net/products/581435_21-2-2019_11-47-47-1665802036.webp
Gillette Foamy Menthol 175 g,https://d2qjkwm11akmwu.cloudfront.net/products/649776_2-12-2022_16-48-25.webp
Rohto Steril Eye Drop 7 ml,https://d2qjkwm11akmwu.cloudfront.net/products/11733-1665782370.webp
Ailin Tetes Mata 10 ml,https://d2qjkwm11akmwu.cloudfront.net/products/60301_25-5-2021_16-43-15-1665837624.webp
Pediagrow Sirup 200 ml,https://d2qjkwm11akmwu.cloudfront.net/products/3374-1665769109.webp
Optimum Nutrition Complex Vanila 1.95 Lb,https://d2qjkwm11akmwu.cloudfront.net/products/390656_1-7-2020_17-54-51-1665820729.webp
Biore Body Foam Bright Lovely Sakura Scent 450 ml,https://d2qjkwm11akmwu.cloudfront.net/products/61269_1-9-2022_6-38-39-1665847734.webp
Nivea Deodorant Dry Comfort Roll On 25 ml,https://d2qjkwm11akmwu.cloudfront.net/products/444138_8-9-2020_9-59-31-1665804423.webp
Fluzep 10 Tablet,https://d2qjkwm11akmwu.cloudfront.net/products/17441_28-1-2019_11-3-30-1665790530.webp
Intrizin Sirup 60 ml,https://d2qjkwm11akmwu.cloudfront.net/products/61777_2-2-2024_16-56-39.webp
Fiesta Strawberry Lubricant Gel 50 ml,https://d2qjkwm11akmwu.cloudfront.net/products/14533_8-1-2019_10-48-39-1665787009.webp
Dermatheory Alpha Bright Probiotic Essence 50 ml,https://d2qjkwm11akmwu.cloudfront.net/products/161555_8-8-2022_14-21-3-1665858542.webp
Telfast Plus 10 Tablet,https://d2qjkwm11akmwu.cloudfront.net/products/789026_26-3-2022_13-32-14-1665761183.webp
Lacosib 60 mg 10 Tablet,https://d2qjkwm11akmwu.cloudfront.net/products/147738_9-2-2023_15-6-58.webp
Abbotic 125 mg/5 ml Dry Sirup 60 ml,https://d2qjkwm11akmwu.cloudfront.net/products/694225_31-5-2024_11-48-22.webp
Sakatonik ABC Strawberry 30 Tablet,https://d2qjkwm11akmwu.cloudfront.net/products/11749-1665782380.webp
Acquassimo Baby Sanitising Water 500 ml,https://d2qjkwm11akmwu.cloudfront.net/products/280909_5-9-2021_8-41-50-1665838833.webp
Ifen 400 mg 10 Tablet,https://d2qjkwm11akmwu.cloudfront.net/products/256230_1-12-2019_20-28-24-1665796833.webp
Pureco Multisurface Cleaner 250 ml,https://d2qjkwm11akmwu.cloudfront.net/products/110994_5-9-2021_8-23-1-1665838425.webp
Watsons Naturals Prestige Rose Body Lotion 490 ml,https://d2qjkwm11akmwu.cloudfront.net/products/260814_10-8-2020_16-20-13-1665791714.webp
Clinelle Caviar Gold Firming Lotion 150 ml,https://d2qjkwm11akmwu.cloudfront.net/products/548081_30-9-2022_13-58-18-1665847881.webp
Osteosan 1000 60 Kapsul,https://d2qjkwm11akmwu.cloudfront.net/products/692514_5-12-2021_23-17-41-1665842123.webp
Bufect Suspensi 100mg/5ml 60ml,https://d2qjkwm11akmwu.cloudfront.net/products/10657-1665781175.webp
Stimuno Sirup Rasa Jeruk Beri 100 ml,https://d2qjkwm11akmwu.cloudfront.net/products/481595_2-6-2021_18-28-44-1665802063.webp
Cetaphil Moisturizing Lotion 200 ml,https://d2qjkwm11akmwu.cloudfront.net/products/449690_22-9-2022_17-8-22-1665791218.webp
Stimuno Sirup Rasa Jeruk Beri 60 ml,https://d2qjkwm11akmwu.cloudfront.net/products/15078-1665787631.webp
Aqua Maris Strong Nasal Spray 30 ml,https://d2qjkwm11akmwu.cloudfront.net/products/750976_20-3-2023_16-16-40.webp
Charm Extra Comfort Maxi 26 cm Wing 16 Pads,https://d2qjkwm11akmwu.cloudfront.net/products/460516_24-11-2022_13-29-11.webp
Nivea Deodorant Dry Comfort Roll On 50 ml,https://d2qjkwm11akmwu.cloudfront.net/products/183158_8-9-2020_10-1-24-1665804424.webp
Urinter 400 mg 10 Kapsul,https://d2qjkwm11akmwu.cloudfront.net/products/512230_18-2-2019_11-56-1-1665791622.webp
Sensitif Vivo Strawberry Lube 60 g,https://d2qjkwm11akmwu.cloudfront.net/products/899378_21-2-2019_15-48-33-1665802056.webp
Cetaphil Moisturizing Cream 100 g,https://d2qjkwm11akmwu.cloudfront.net/products/355449_23-9-2022_10-54-35-1665780886.webp
Dicoren Gel 20 g,https://d2qjkwm11akmwu.cloudfront.net/products/358585_21-4-2022_11-41-49-1665840550.webp
Zelface 20% Cream 10 g,https://d2qjkwm11akmwu.cloudfront.net/products/2292-1665762889.webp
Nephrisol Vanila 201 g,https://d2qjkwm11akmwu.cloudfront.net/products/166083_6-12-2022_11-47-52.webp
Imboost Force Ultimate 10 Kaplet,https://d2qjkwm11akmwu.cloudfront.net/products/261984_1-9-2023_15-3-40.webp
You-C 1000 Apple 140 ml,https://d2qjkwm11akmwu.cloudfront.net/products/4170-1665770815.webp
Salonpas Jet Spray 60 ml,https://d2qjkwm11akmwu.cloudfront.net/products/375114_8-6-2021_15-23-49-1665838411.webp
Sanmol Drops 15 ml,https://d2qjkwm11akmwu.cloudfront.net/products/1876-1665761115.webp
Betahistine 24 mg 10 Tablet,https://d2qjkwm11akmwu.cloudfront.net/products/409283_16-9-2020_14-16-29-1665821125.webp
Fibrefirst 1 Sachet,https://d2qjkwm11akmwu.cloudfront.net/products/467434_26-4-2019_14-11-59-1665804235.webp
Fenamin 500 mg 10 Kaplet,https://d2qjkwm11akmwu.cloudfront.net/products/552829_13-6-2023_14-3-56.webp
Pigeon Silicone Pacifier Step 2,https://d2qjkwm11akmwu.cloudfront.net/products/468870_14-12-2019_8-35-32-1665799069.webp
Dexclosan 10 Tablet,https://d2qjkwm11akmwu.cloudfront.net/products/134394_3-2-2023_10-25-33.webp
Mylanta 10 Tablet,https://d2qjkwm11akmwu.cloudfront.net/products/413088_29-5-2022_21-6-47-1665778848.webp
Salonpas Jet Spray 118 ml,https://d2qjkwm11akmwu.cloudfront.net/products/193319_4-12-2024_14-21-32.webp
Tresnojoyo Telon Herbal Plus Citronella 100 ml,https://d2qjkwm11akmwu.cloudfront.net/products/526823_12-4-2020_22-15-2-1665806035.webp
Vitalong C 30 Kapsul,https://d2qjkwm11akmwu.cloudfront.net/products/98794_27-5-2022_17-13-39-1665791123.webp
Nutrahealth Vitamin E 400 IU 30 Kapsul,https://d2qjkwm11akmwu.cloudfront.net/products/613312_4-4-2020_18-44-31-1665815322.webp
Tissue Lovers Casanova 6 Lembar,https://d2qjkwm11akmwu.cloudfront.net/products/355877_6-9-2023_11-8-36.webp
PhysioGel Daily Moisture Care Dermo Cleanser 150 ml,https://d2qjkwm11akmwu.cloudfront.net/products/756543_15-10-2020_12-8-11-1665779642.webp
Sanbe C 500 mg 80 Kaplet,https://d2qjkwm11akmwu.cloudfront.net/products/600727_29-5-2020_14-52-0-1665819082.webp
Sea-Quill Vitamin C 1000 with Rose Hips 30 Tablet,https://d2qjkwm11akmwu.cloudfront.net/products/501017_18-1-2023_10-25-5.webp
Babycare Salep Ruam Popok 20 g,https://d2qjkwm11akmwu.cloudfront.net/products/10523-1665780905.webp
TKV 0.5 mg 10 Tablet,https://d2qjkwm11akmwu.cloudfront.net/products/305821_30-6-2020_10-27-48-1665821164.webp
Ketomed 2% Gel 15 g,https://d2qjkwm11akmwu.cloudfront.net/products/1654-1665760865.webp
Hot In Cream Botol 60 ml,https://d2qjkwm11akmwu.cloudfront.net/products/418246_28-8-2024_14-33-33.webp
Sweety Bronze Comfort Nb 44 Pieces,https://d2qjkwm11akmwu.cloudfront.net/products/886792_5-2-2024_11-11-22.webp
Sakatonik ABC Anggur 30 Tablet,https://d2qjkwm11akmwu.cloudfront.net/products/11747-1665782379.webp
Voltaren Emulgel 10 g,https://d2qjkwm11akmwu.cloudfront.net/products/416643_20-11-2024_11-2-45.webp
Teosal 10 Tablet,https://d2qjkwm11akmwu.cloudfront.net/products/155469_10-6-2020_10-45-26-1665775945.webp
Bisolvon Solution 50 ml,https://d2qjkwm11akmwu.cloudfront.net/products/462222_16-6-2020_10-13-44-1665779175.webp
Loreal Excellence Creme Natural Black No. 1,https://d2qjkwm11akmwu.cloudfront.net/products/544250_24-5-2021_9-30-54-1665789494.webp
Zecamex 4 mg 12 Tablet,https://d2qjkwm11akmwu.cloudfront.net/products/647781_1-3-2019_10-24-11-1665783163.webp
Lodecon 10 Kaplet,https://d2qjkwm11akmwu.cloudfront.net/products/641035_5-3-2019_14-20-23-1665778715.webp
Boost D 1000 IU 10 Tablet,https://d2qjkwm11akmwu.cloudfront.net/products/438329_14-12-2022_13-43-37.webp
Lerzin 5 mg/ 5 ml Sirup 60 ml,https://d2qjkwm11akmwu.cloudfront.net/products/17525-1665790588.webp
Hexadol Gargle 60 ml,https://d2qjkwm11akmwu.cloudfront.net/products/22931_15-1-2019_17-12-44-1665796143.webp
Supreme Ester C Effervescent Orange 10 Pieces,https://d2qjkwm11akmwu.cloudfront.net/products/549867_25-8-2021_17-4-45-1665791111.webp
Voltaren Emulgel 20 g,https://d2qjkwm11akmwu.cloudfront.net/products/721190_20-11-2024_11-14-46.webp
Entramix Rasa Vanila 174 g,https://d2qjkwm11akmwu.cloudfront.net/products/609342_19-10-2022_10-56-52.webp
Curcuma Plus Grow Emulsion Rasa Jeruk Sirup 200 ml,https://d2qjkwm11akmwu.cloudfront.net/products/380456_19-9-2023_10-49-39.webp
Hexadol Mint Gargle 100 ml,https://d2qjkwm11akmwu.cloudfront.net/products/277723_22-9-2023_10-30-8.webp
Erdostein 300 mg 10 Kapsul,https://d2qjkwm11akmwu.cloudfront.net/products/669135_12-7-2024_16-2-55.webp
Cerini Drop 20 ml,https://d2qjkwm11akmwu.cloudfront.net/products/15698-1665788334.webp
Voltaren Emulgel 5 g,https://d2qjkwm11akmwu.cloudfront.net/products/68133_5-12-2024_15-6-11.webp
Lerzin Drops 15 ml,https://d2qjkwm11akmwu.cloudfront.net/products/874840_20-6-2019_10-39-40-1665790589.webp
Cendo Xitrol Salep Mata 3.5 g,https://d2qjkwm11akmwu.cloudfront.net/products/7278-1665776346.webp
Prolacta with DHA for Baby 10 Kapsul,https://d2qjkwm11akmwu.cloudfront.net/products/774705_19-3-2024_11-17-8.webp
Amunizer 140 ml,https://d2qjkwm11akmwu.cloudfront.net/products/533320_24-9-2021_13-3-49-1665837474.webp
Frego 10 mg 10 Tablet,https://d2qjkwm11akmwu.cloudfront.net/products/1092-1665760138.webp
Kojie San Kojic Acid Bar Soap 65 g,https://d2qjkwm11akmwu.cloudfront.net/products/33041_21-6-2021_11-16-33-1665804383.webp
Tofedex 25 mg 10 Tablet,https://d2qjkwm11akmwu.cloudfront.net/products/96783_20-12-2022_10-20-11.webp
Asvex 33.21 mg 10 Tablet,https://d2qjkwm11akmwu.cloudfront.net/products/6935-1665775931.webp
Vastigo 6 mg 10 Tablet,https://d2qjkwm11akmwu.cloudfront.net/products/786715_16-5-2023_14-10-45.webp
Kojie San Kojic Acid Bar Soap 135 g,https://d2qjkwm11akmwu.cloudfront.net/products/782171_21-6-2021_11-10-52-1665804383.webp
Betaserc 8 mg 25 Tablet,https://d2qjkwm11akmwu.cloudfront.net/products/825833_31-5-2024_11-40-57.webp
Anacetine Sirup 60 ml,https://d2qjkwm11akmwu.cloudfront.net/products/9458-1665779868.webp
Hansaplast Koyo Hangat Besar 5 Lembar,https://d2qjkwm11akmwu.cloudfront.net/products/351240_26-11-2024_16-32-6.webp
Clamixin Forte Dry Syrup 60 ml,https://d2qjkwm11akmwu.cloudfront.net/products/536223_19-10-2022_14-3-46.webp
Glyceryl Guaiacolate 100 mg 100 Tablet,https://d2qjkwm11akmwu.cloudfront.net/products/579545_20-6-2019_10-34-19-1665787066.webp
Mamy Poko Pants Extra Dry M 32 Pieces,https://d2qjkwm11akmwu.cloudfront.net/products/24110_4-12-2018_22-52-39-1665798305.webp
Felinz White Vanilla Tiramisu Hand Cream 30 ml,https://d2qjkwm11akmwu.cloudfront.net/products/202239_24-5-2021_10-7-31-1665818597.webp
Ondansetron 8 mg 6 Tablet,https://d2qjkwm11akmwu.cloudfront.net/products/632605_29-8-2022_15-54-40-1665791367.webp
Johnson's Baby Soap Blossoms 100 g,https://d2qjkwm11akmwu.cloudfront.net/products/13132-1665784847.webp
Rohto Eyeflush 150 ml,https://d2qjkwm11akmwu.cloudfront.net/products/11732-1665782369.webp
Voltaren Emulgel 50 g,https://d2qjkwm11akmwu.cloudfront.net/products/752807_20-11-2024_11-17-43.webp
Turpas Sirup 60 ml,https://d2qjkwm11akmwu.cloudfront.net/products/234616_8-1-2023_23-11-37.webp
Bodrex Flu Dan Batuk Berdahak Pe 4 Kaplet,https://d2qjkwm11akmwu.cloudfront.net/products/9172-1665779179.webp
Palmolive Shower Gel Mineral Massage Pump 750 ml,https://d2qjkwm11akmwu.cloudfront.net/products/226057_12-8-2022_18-18-28-1665785178.webp
Ondansetron 8 mg 10 Tablet,https://d2qjkwm11akmwu.cloudfront.net/products/565931_6-9-2022_17-26-8-1665822622.webp
Pulmosol Rasa Creamy Vanilla 150 g,https://d2qjkwm11akmwu.cloudfront.net/products/857449_30-5-2022_10-20-0-1665829943.webp
Palenox 0.1% Gel 15 gr,https://d2qjkwm11akmwu.cloudfront.net/products/17872_28-1-2019_11-23-46-1665790823.webp
Transpulmin Baby Balsam 10 g,https://d2qjkwm11akmwu.cloudfront.net/products/564718_23-12-2021_9-35-37-1665761079.webp
Softex Celana Menstruasi Pembalut All Size 2 Pieces,https://d2qjkwm11akmwu.cloudfront.net/products/466149_6-11-2022_19-22-46.webp
Pure Mom Nipple Cream 15 g,https://d2qjkwm11akmwu.cloudfront.net/products/767087_23-12-2021_9-43-37-1665804917.webp
Mirasic Forte 650 mg 10 Tablet,https://d2qjkwm11akmwu.cloudfront.net/products/245684_25-4-2024_14-59-41.webp
Primperan 5 mg 10 Tablet,https://d2qjkwm11akmwu.cloudfront.net/products/51615_13-5-2019_9-45-21-1.webp
Praxion Suspensi 60 ml,https://d2qjkwm11akmwu.cloudfront.net/products/814425_17-7-2021_22-0-3-1665761108.webp
Erysanbe 500 mg 10 Kaplet,https://d2qjkwm11akmwu.cloudfront.net/products/15138-1665787677.webp
Menstrucare,https://d2qjkwm11akmwu.cloudfront.net/products/713872_18-1-2023_10-45-29.webp
Sanmol Forte Sirup 60 ml,https://d2qjkwm11akmwu.cloudfront.net/products/18140-1665791137.webp
Sensi Adult Diapers M 2 Pieces,https://d2qjkwm11akmwu.cloudfront.net/products/741941_28-7-2022_10-44-39-1665856520.webp
Kondom Sagami Xtreme Superthin Isi 3,https://d2qjkwm11akmwu.cloudfront.net/products/10519_25-1-2019_18-10-5-1665780903.webp
Regrou Forte 5% Solution 30 ml,https://d2qjkwm11akmwu.cloudfront.net/products/3473-1665769299.webp
Viridis 500 mg 10 Tablet,https://d2qjkwm11akmwu.cloudfront.net/products/124615_19-11-2019_21-37-19-1665791877.webp
Kondom Durex Excita Ribbed Isi 3,https://d2qjkwm11akmwu.cloudfront.net/products/12879-1665784384.webp
Indal CTN 10 Tablet,https://d2qjkwm11akmwu.cloudfront.net/products/624375_23-11-2022_13-29-5.webp
Budesma 0.25 mg/ml Inhalant 2 ml,https://d2qjkwm11akmwu.cloudfront.net/products/793774_21-6-2023_11-4-53.webp
Budesma 0.5 mg/ml Inhalant 2 ml,https://d2qjkwm11akmwu.cloudfront.net/products/812073_14-12-2022_10-26-11.webp
Regrou Hair Restorer 30 ml,https://d2qjkwm11akmwu.cloudfront.net/products/18159-1665791209.webp
Elocon 0.1% Cream 10 g,https://d2qjkwm11akmwu.cloudfront.net/products/1538-1665760754.webp
Histrine Sirup 60ml,https://d2qjkwm11akmwu.cloudfront.net/products/14713-1665787127.webp
Nutrimax Kidz Calcium 60 Chewable Tablet,https://d2qjkwm11akmwu.cloudfront.net/products/100757_27-7-2021_10-9-7-1665772142.webp
Nivea Deodorant Extra Whitening Spray 150 ml,https://d2qjkwm11akmwu.cloudfront.net/products/372682_9-8-2020_10-47-9-1665814137.webp
Sanorine Biru 0.025% Gargle 200 ml,https://d2qjkwm11akmwu.cloudfront.net/products/4875-1665771382.webp
Apetic Suspensi 60 ml,https://d2qjkwm11akmwu.cloudfront.net/products/344413_21-7-2021_17-11-27-1665839825.webp
Bufacaryl 10 Kaplet,https://d2qjkwm11akmwu.cloudfront.net/products/210214_22-5-2023_10-17-56.webp
Methisoprinol 500 mg 4 Tablet,https://d2qjkwm11akmwu.cloudfront.net/products/851354_16-11-2022_15-17-3.webp
Watsons Square Puff 1 Pieces,https://d2qjkwm11akmwu.cloudfront.net/products/451547_21-6-2021_11-18-28-1665804495.webp
OBH Combi Anak Batuk Plus Flu Apel 60 ml,https://d2qjkwm11akmwu.cloudfront.net/products/5388-1665772300.webp
OBH Combi Anak Batuk Plus Flu Jeruk 60 ml,https://d2qjkwm11akmwu.cloudfront.net/products/5389-1665772301.webp
Vaseline Repairing Petroleum Jelly 50 ml,https://d2qjkwm11akmwu.cloudfront.net/products/484533_12-7-2021_10-59-20-1665764330.webp
Mywell Vitamin D3 1000 IU 20 Tablet,https://d2qjkwm11akmwu.cloudfront.net/products/373620_22-3-2021_16-21-40-1665831671.webp
Tolak Angin Flu 12 Sachet,https://d2qjkwm11akmwu.cloudfront.net/products/18556-1665791551.webp
Maagfit 30 Kapsul,https://d2qjkwm11akmwu.cloudfront.net/products/161419_21-11-2022_10-53-47.webp
Watsons Square Puff 80 Pieces,https://d2qjkwm11akmwu.cloudfront.net/products/786937_21-6-2021_10-55-43-1665791751.webp
Kojie San Skin Lightening Body Lotion 200,https://d2qjkwm11akmwu.cloudfront.net/products/723068_26-9-2022_10-33-17-1665833912.webp
Opiphen 500 mg 10 Kapsul,https://d2qjkwm11akmwu.cloudfront.net/products/50070_13-3-2019_13-36-58-1665773337.webp
Loreal Excellence Creme Natural Dark Brown No. 3,https://d2qjkwm11akmwu.cloudfront.net/products/113697_24-5-2021_9-29-18-1665789496.webp
Listerine Original Mouthwash 500 ml,https://d2qjkwm11akmwu.cloudfront.net/products/384548_26-2-2020_17-23-55-1665775318.webp
Promedex 10 Tablet,https://d2qjkwm11akmwu.cloudfront.net/products/502229_6-9-2022_16-20-28-1665798773.webp
Pure Kids Fever Free 4 Sachet,https://d2qjkwm11akmwu.cloudfront.net/products/856582_12-11-2021_15-57-40-1665791611.webp
Ryvel Drops 10 ml,https://d2qjkwm11akmwu.cloudfront.net/products/785571_1-2-2021_10-15-44-1665884874.webp
Mecovit-D3 1000 IU 10 Tablet,https://d2qjkwm11akmwu.cloudfront.net/products/383783_15-2-2021_13-4-49-1665829747.webp
Constantia Drop 12 ml,https://d2qjkwm11akmwu.cloudfront.net/products/14517-1665786998.webp
Vitamin D3 1000 IU 10 Tablet,https://d2qjkwm11akmwu.cloudfront.net/products/507668_5-2-2021_13-25-1-1665804376.webp
Wardah Lightening Face Mist 60 ml,https://d2qjkwm11akmwu.cloudfront.net/products/887950_23-7-2021_10-8-43-1665837496.webp
Voltadex Gel 20 g,https://d2qjkwm11akmwu.cloudfront.net/products/813408_9-4-2019_17-32-30-1665780372.webp
Safi Age Defy Skin Booster 75 ml,https://d2qjkwm11akmwu.cloudfront.net/products/321223_16-12-2022_14-51-28.webp
Zam Buk Ointment 25 g,https://d2qjkwm11akmwu.cloudfront.net/products/828174_22-4-2021_10-36-22-1665780102.webp
Zam Buk Ointment 8 g,https://d2qjkwm11akmwu.cloudfront.net/products/698417_22-4-2021_10-52-23-1665822479.webp
Cap Lang Minyak Telon Plus 150 ml,https://d2qjkwm11akmwu.cloudfront.net/products/270179_12-8-2022_18-11-32-1665780710.webp
St Ives Glowing Sheet Mask Apricot,https://d2qjkwm11akmwu.cloudfront.net/products/282128_8-9-2020_10-13-8-1665821044.webp
Fusycom Cream 5 g,https://d2qjkwm11akmwu.cloudfront.net/products/17448-1665790535.webp
Promag 10 Tablet,https://d2qjkwm11akmwu.cloudfront.net/products/153832_14-10-2024_14-14-47.webp
Paracetamol 500 mg 10 Kaplet,https://d2qjkwm11akmwu.cloudfront.net/products/665462_20-3-2023_14-10-30.webp
Ketoprofen 100 mg 10 Tablet,https://d2qjkwm11akmwu.cloudfront.net/products/8284-1665777790.webp
Pure Kids Fever Free Sachet,https://d2qjkwm11akmwu.cloudfront.net/products/506162_13-4-2020_12-43-17-1665782333.webp
Pharmaton Formula 5 Kapsul,https://d2qjkwm11akmwu.cloudfront.net/products/754058_18-7-2023_10-54-39.webp
Cetzin Sirup 60 ml,https://d2qjkwm11akmwu.cloudfront.net/products/75991_20-5-2020_16-51-49-1665817513.webp
D-Cool 0.25 mg 6 Tablet Hisap,https://d2qjkwm11akmwu.cloudfront.net/products/409209_5-12-2021_23-18-50-1665842523.webp
Viliron Neo 5 Kapsul Lunak,https://d2qjkwm11akmwu.cloudfront.net/products/726785_9-9-2022_10-8-3-1665791620.webp
Dermovate 0.05% Cream 10 g,https://d2qjkwm11akmwu.cloudfront.net/products/1516-1665760736.webp
Cerini Sirup 60 ml,https://d2qjkwm11akmwu.cloudfront.net/products/15699-1665788335.webp
Noroid Soothing Cream 80 ml,https://d2qjkwm11akmwu.cloudfront.net/products/341596_23-12-2020_11-10-38-1665790754.webp
Felinz Matcha Green Tea Mochi Hand Cream 30 ml,https://d2qjkwm11akmwu.cloudfront.net/products/784082_24-5-2021_9-34-19-1665818598.webp
Thrombophob Gel 20 g,https://d2qjkwm11akmwu.cloudfront.net/products/1944-1665761171.webp
OBH Combi Anak Batuk Plus Flu Strawberry 60 ml,https://d2qjkwm11akmwu.cloudfront.net/products/611866_19-1-2022_12-6-9-1665772302.webp
Nasonex Nasal Spray 60 Dosis,https://d2qjkwm11akmwu.cloudfront.net/products/85518_19-3-2019_14-49-1-1665770677.webp
Nisagon Cream 5 g,https://d2qjkwm11akmwu.cloudfront.net/products/3429-1665769269.webp
Colgate Toothpaste Optic White Sparkling 100 g,https://d2qjkwm11akmwu.cloudfront.net/products/144553_31-8-2022_13-45-9-1665804401.webp
Stimuno Forte 10 Kapsul,https://d2qjkwm11akmwu.cloudfront.net/products/203675_14-2-2022_14-7-38-1665779439.webp
Listerine Original Mouthwash 250 ml,https://d2qjkwm11akmwu.cloudfront.net/products/6569-1665775317.webp
Lincocin 500 mg 10 Kapsul,https://d2qjkwm11akmwu.cloudfront.net/products/640946_16-10-2019_9-58-34-1665787759.webp
Divoltar 50 mg 10 Tablet,https://d2qjkwm11akmwu.cloudfront.net/products/685377_21-6-2023_17-3-41.webp
Watsons Shower Scrub Everyday Honey Scented 700 ml,https://d2qjkwm11akmwu.cloudfront.net/products/18698-1665791649.webp
Ozen 10 mg 10 Tablet,https://d2qjkwm11akmwu.cloudfront.net/products/831310_26-9-2022_9-39-34-1665761137.webp
Apetic Forte Suspensi 60 ml,https://d2qjkwm11akmwu.cloudfront.net/products/135318_21-7-2021_17-11-55-1665839826.webp
Mucos 30 mg 10 Tablet,https://d2qjkwm11akmwu.cloudfront.net/products/1790-1665760978.webp
Praxion Forte Suspensi 60 ml,https://d2qjkwm11akmwu.cloudfront.net/products/1868-1665761109.webp
Total Care Mouthwash Sensitive Teeth 250 ml,https://d2qjkwm11akmwu.cloudfront.net/products/858845_26-4-2021_9-9-14-1665792379.webp
Optimum Whey Gold Chocolate 10 Lb,https://d2qjkwm11akmwu.cloudfront.net/products/618926_11-4-2022_14-28-28-1665788131.webp
Wellness Bee Complete 30 SoftGel,https://d2qjkwm11akmwu.cloudfront.net/products/283214_25-10-2020_23-23-18-1665788151.webp
You-C 1000 Lemon Water 500 ml,https://d2qjkwm11akmwu.cloudfront.net/products/895779_30-5-2022_13-13-1-1665814565.webp
Candistin Drops 12 ml,https://d2qjkwm11akmwu.cloudfront.net/products/4886-1665771390.webp
Turpas Forte Sirup 60 ml,https://d2qjkwm11akmwu.cloudfront.net/products/695751_4-1-2023_13-19-19.webp
Cosrx Centella Water Alcohol Free Toner 150 ml,https://d2qjkwm11akmwu.cloudfront.net/products/433053_28-3-2021_20-34-50-1665816422.webp
Clamixin 6 Tablet,https://d2qjkwm11akmwu.cloudfront.net/products/15875-1665788580.webp
Cosrx Aha/Bha Clarifying Treatment Toner 150 ml,https://d2qjkwm11akmwu.cloudfront.net/products/563301_26-4-2021_9-24-32-1665816428.webp
Clamixin Dry Syrup Sirup 60 ml,https://d2qjkwm11akmwu.cloudfront.net/products/417782_19-10-2022_14-5-36.webp
Sensitif Vivo 0.03 12 Pieces,https://d2qjkwm11akmwu.cloudfront.net/products/710329_8-8-2022_10-46-58-1665857765.webp
Movi-Cox 15 mg 10 Tablet,https://d2qjkwm11akmwu.cloudfront.net/products/274025_23-5-2019_10-44-24-1665791574.webp
Wellness Excell C 1000 mg 60 tablet,https://d2qjkwm11akmwu.cloudfront.net/products/789526_18-1-2023_10-47-38.webp
Clobetasol Cream 10 gr,https://d2qjkwm11akmwu.cloudfront.net/products/711468_31-3-2020_18-41-21-1665795500.webp
Peptibren Kacang Hijau 195 g,https://d2qjkwm11akmwu.cloudfront.net/products/479897_23-11-2022_13-42-49.webp
Ozen Sirup 60 ml,https://d2qjkwm11akmwu.cloudfront.net/products/584276_20-2-2022_19-14-28-1665785114.webp
Gastrucid Sirup 60 ml,https://d2qjkwm11akmwu.cloudfront.net/products/826454_19-5-2020_12-21-47-1-1-1.webp
Lexa Kaplet 500 mg,https://d2qjkwm11akmwu.cloudfront.net/products/714009_23-6-2019_22-30-27-1665773521.webp
Cap Lang Minyak Telon 60 ml,https://d2qjkwm11akmwu.cloudfront.net/products/47041_21-6-2021_10-43-1-1665762911.webp
Wellness Excell C 1000 mg 30 tablet,https://d2qjkwm11akmwu.cloudfront.net/products/146178_18-1-2023_10-48-15.webp
Olay Regenerist Retinol 24 Night Moituriser 50 g,https://d2qjkwm11akmwu.cloudfront.net/products/564444_6-3-2022_22-56-49-1665843130.webp
Pond's Acne Solution Facial Foam 50 g,https://d2qjkwm11akmwu.cloudfront.net/products/841988_9-8-2020_10-54-6-1665812565.webp
Prinol 500 mg 10 Kaplet,https://d2qjkwm11akmwu.cloudfront.net/products/248305_8-8-2022_11-21-21-1665856640.webp
Xyzal 5 mg 10 Tablet,https://d2qjkwm11akmwu.cloudfront.net/products/5468-1665772477.webp
Gentason-N Cream 5 g,https://d2qjkwm11akmwu.cloudfront.net/products/637379_28-12-2022_14-21-9.webp
Beprin 500 mg 10 Tablet,https://d2qjkwm11akmwu.cloudfront.net/products/562747_21-1-2022_10-37-51-1665840337.webp
Pigeon Breast Pads Comfy Feel 30 Pieces,https://d2qjkwm11akmwu.cloudfront.net/products/141792_4-1-2023_10-47-7.webp
